ClientId,ClientCode,ClientGuid,Name,TradingName,ABN,Phone,Fax,Mobile,Email,WebAddress,Address1,Address2,Suburb,PostCode,State,AltAddress1,AltAddress2,AltSuburb,AltPostCode,AltState,Account,ExportedToWinBeat,ClientGroupCode,AccountManagerCode,SubAgentCode,ComplianceType,Entity,ClientSourceID,ABNCheckDate,CallidenBuilderType,CallidenDateTradingStart,CallidenPreviousExperience,LedgerCode,UseWinBeatCode,CreationDate,WebClient
--------,----------,----------,----,-----------,---,-----,---,------,-----,----------,--------,--------,------,--------,-----,-----------,-----------,---------,-----------,--------,-------,-----------------,---------------,------------------,------------,--------------,------,--------------,------------,-------------------,------------------------,--------------------------,----------,--------------,------------,---------
573,,32F2C3F7-B9F4-40D8-858C-26BA8934339F,IRECON test client,IRECON test client,28142420997,123,123,123,yongkie.santoso@ellington.com.au,,test street,,KENSINGTON,2033,NSW,test street,,KENSINGTON,2033,NSW,0,1,.NA,.NA,IRECON,0,4,2,2011-02-08 00:00:00.000,1,1994-01-01 00:00:00.000,,winBeatDevLocal,0,2011-02-08 14:34:54.800,0
574,,EE938517-ABCD-4D35-A960-9734021297AE,Irecon Test Builder (Vic),Irecon Test Builder (Vic),95122431654,02 87775552,02 86665566,0402 1443333,yongkie@gmail.com,,27 Smith Street,,MELBOURNE,3000,VIC,27 Smith Street,,MELBOURNE,3000,VIC,0,1,.NA,.NA,IRECON,0,4,2,2011-02-09 00:00:00.000,1,1994-01-01 00:00:00.000,,winBeatDevLocal,0,2011-02-09 16:22:48.430,0
575,,E6B37945-2824-4F8E-9852-6B177118AA4C,Irecon OB Test,,,02 87775552,0287775566,0402 1234567,peter.fielding@ellington.com.au,,33 Moore Street,,CASULA,2170,NSW,33 Moore Street,,CASULA,2170,NSW,0,1,.NA,.NA,IRECON,0,1,2,9999-12-31 00:00:00.000,2,NULL,,winBeatDevLocal,0,2011-02-09 16:38:36.253,0
576,,14D364C4-1A2C-4695-973F-4A40F969909A,Susannah Marie Elvey,,,08 9485 5116,08 9216 4103,08 9485 5116,SusannahElvey@chevron.com,,149 Flinders Street,,MOUNT HAWTHORN,6016,WA,149 Flinders Street,,MOUNT HAWTHORN,6016,WA,0,1,.NA,.NA,IRECON,0,1,2,9999-12-31 00:00:00.000,2,NULL,,winBeatDevLocal,0,2011-02-14 13:41:09.160,0
577,,3287C9A5-9189-4853-B0D6-39C1CDE93973,Andara Homes Pty Ltd,Andara Homes Pty Ltd,82144520749,0420560840,,0420560840,lconnolly@irecon.com.au,,21 Benaroon Cct,,AMAROO,2914,ACT,21 Benaroon Cct,,AMAROO,2914,ACT,0,1,.NA,.NA,ALLINSURE,0,4,2,2011-02-22 00:00:00.000,1,2010-01-01 00:00:00.000,Both principals, long time employee of large construction companies in labour ad project maanagement role. Refer technical reference,winBeatDevLocal,0,2011-02-22 14:37:21.490,0
578,,A50DAA71-19C3-4DFA-82E5-11CCB4654442,QUOTATION,,,111111,1111,0405684083,lconnolly@iecon.com.au,,17 Barratt Avenue,CAMDEN SOUTH  NSW ,CAMDEN SOUTH,2570,NSW,17 Barratt Avenue,CAMDEN SOUTH  NSW ,CAMDEN SOUTH,2570,NSW,0,0,.NA,.NA,IRECON,0,1,9,9999-12-31 00:00:00.000,2,NULL,,winBeatDevLocal,0,2011-03-02 09:27:02.557,0
579,,F5858F9A-8C18-4001-A4B9-998E9C7A54D2,Audra Vilkelis ,,,08 9537 1796,,0402718688,bood@iinet.net.au,,4 Nanga Road,GOLDEN BAY   WA,GOLDEN BAY,6174,WA,4 Nanga Road,GOLDEN BAY   WA,GOLDEN BAY,6174,WA,0,1,.NA,.NA,IRECON,0,1,9,9999-12-31 00:00:00.000,2,NULL,,winBeatDevLocal,0,2011-03-02 12:43:07.780,0
580,,E3301038-A513-4424-A84A-35B842CA8FAA,James Kenny,,,0421686639.,,0421686639.,jameskenny02@yahoo.com.au,,PO Box 97,BLAXLAND,BLAXLAND,2774,NSW,PO BOX 97,BLAXLAND,BLAXLAND,2774,NSW,0,1,.NA,.NA,IRECON,0,1,9,9999-12-31 00:00:00.000,2,NULL,,winBeatDevLocal,0,2011-03-03 11:45:49.493,0
581,,EFF53F5B-9DEE-4F3A-91E0-086C0F777AC9,Stephen & Ourania Farquharson,,,0433155120,,0433155120,farki@optusnet.com.au,,6 Hyton Close, West Meadows ,,WESTMEADOWS,3049,VIC,6 Hyton Close, West Meadows ,,WESTMEADOWS,3049,VIC,0,0,.NA,.NA,IRECON,0,1,9,9999-12-31 00:00:00.000,2,NULL,,winBeatDevLocal,0,2011-03-10 12:11:57.227,0
582,,3614217A-F3EF-46BB-800B-13E839895715,Ian Curwood,,,0422840200,,0422840200,iancurwood@optusnet.com,,15 Hamilton Street, Bentleigh,,BENTLEIGH,3204,VIC,15 Hamilton Street, Bentleigh,,BENTLEIGH,3204,VIC,0,1,.NA,.NA,IRECON,0,1,9,9999-12-31 00:00:00.000,2,NULL,,winBeatDevLocal,0,2011-03-10 12:27:15.043,0
583,,80CD51AE-90D4-43FB-81AD-F658F2D9D3A2,Medpools (ACT) Pty Ltd,,31143449290,02 62956777,,0415502212,christine@medpools.com.au,,39 Kennedy Street,Kingston ACT,KINGSTON,2604,ACT,39 Kennedy Street,Kingston ACT,KINGSTON,2604,ACT,0,1,.NA,.NA,ALLINSURE,0,4,2,2011-03-14 00:00:00.000,1,2010-01-01 00:00:00.000,Directors previously worked as project mangers and installers as employees for other large pool installaton company.,winBeatDevLocal,0,2011-03-14 12:53:19.287,0
584,,8E7037FB-1C71-4CD2-8BB6-DD8C7C86896A,Samuel & Rachael Esteves,,,0400928581,  ,0400928581,brettmac@pnc.com.au,,61 Grandview Parade ,,LAKE HEIGHTS,2502,NSW,61 Grandview Parade ,,LAKE HEIGHTS,2502,NSW,0,1,.NA,.NA,IRECON,0,1,2,9999-12-31 00:00:00.000,2,NULL,,winBeatDevLocal,0,2011-03-17 11:29:54.030,0
585,,938A4995-6A95-41F5-903B-D82D7CC66ECA,Dean Nisbet,,,0755805280,0755298212,0402313512,dean.nisbet@bigpond.com,,18 Peregrine Crescent,,COOMERA,4209,QLD,18 Peregrine Crescent,,COOMERA,4209,QLD,0,1,.NA,.NA,IRECON,0,1,2,9999-12-31 00:00:00.000,1,2010-01-01 00:00:00.000,Licenses in QLD for over 10 years new to NSW ,winBeatDevLocal,0,2011-03-21 08:12:19.830,0
586,,56664B89-3871-414A-8F21-DB3CE996F3C4,Leigh Cope,,,0412015563,,0412015563,leroycope@leroycope.com,,41 Creswick Street,,FOOTSCRAY,3011,VIC,41 Creswick Street,,FOOTSCRAY,3011,VIC,0,1,.NA,.NA,IRECON,0,1,9,9999-12-31 00:00:00.000,2,NULL,,winBeatDevLocal,0,2011-03-22 12:40:16.787,0
587,,6A3BBD66-8593-4D09-BF3F-7DD85AB3808F,Karol Simjanoski,,,0413180766,,0413180766,ksimjanoski@hotmail.com,,24 Coonawarra Drive,,THOMASTOWN,3074,VIC,24 Coonawarra Drive,,THOMASTOWN,3074,VIC,0,0,.NA,.NA,IRECON,0,1,9,9999-12-31 00:00:00.000,2,NULL,,winBeatDevLocal,0,2011-03-23 10:43:20.203,0
588,,9239F467-E288-4D69-831B-558E8A5980A0,Lynette & Ferenc Sabo,,,0438390379,,0438390379,lynettesabo@optusnet.com.au,,67 Boronia Drive,,VOYAGER POINT,2172,NSW,67 Boronia Drive,,VOYAGER POINT,2172,NSW,0,1,.NA,.NA,IRECON,0,1,9,9999-12-31 00:00:00.000,2,NULL,,winBeatDevLocal,0,2011-03-25 13:56:50.620,0
589,,7C6639D1-D6BF-4625-9BAB-AB9224488CCA,Scott Andrew Smith,,,43692338,,041785898,scott.smith@raywhite.com,,119 Beaufort Road ,,TERRIGAL,2260,NSW,119 Beaufort Road ,,TERRIGAL,2260,NSW,0,1,.NA,.NA,IRECON,0,1,9,9999-12-31 00:00:00.000,2,NULL,,winBeatDevLocal,0,2011-03-30 10:55:45.910,0
590,,DE34330D-7888-4051-B017-261D0AF6ED1B,Mark Alexander Pritchard,,,0418794927,,0418794927,liz.worland@gmail.com,,5/4 Quinton Road,,MANLY,2095,NSW,5/4 Quinton Road,,MANLY,2095,NSW,0,1,.NA,.NA,IRECON,0,1,9,9999-12-31 00:00:00.000,2,NULL,,winBeatDevLocal,0,2011-03-31 09:35:25.807,0
591,,763C2944-0B94-4C02-8F5F-ED55B366E91B,Tanya De Vries & D A Chambers,,,0414076842,,0414076842,euny@bigpond.com.au,,150 Thomas Mitchell Rd,,KILLARNEY VALE,2261,NSW,150 Thomas Mitchell Rd,,KILLARNEY VALE,2261,NSW,0,1,.NA,.NA,IRECON,0,1,9,9999-12-31 00:00:00.000,2,NULL,,winBeatDevLocal,0,2011-04-04 09:44:55.990,0
592,,E406C662-1DB8-429A-BA55-AB75C8F9141C,Andrew Getzendorfer,,,0421137116,,0421137116,andrew@angplumbing.com.au,,2924 Corryong/ Benambra Road,,NARIEL VALLEY,3707,VIC,2924 Corryong/ Benambra Road,,NARIEL VALLEY,3707,VIC,0,1,.NA,.NA,BATEMANS B,0,1,9,9999-12-31 00:00:00.000,2,NULL,,winBeatDevLocal,0,2011-04-04 10:21:20.753,0
593,,CF593954-BE25-4AC2-AEB2-6995B1809692,Jennifer Cioccio,,,03 9745 2589,,0397452589,cioccio@aapt.net.au,,90 Bardwell Drive,,MICKLEHAM,3064,VIC,90 Bardwell Drive,,MICKLEHAM,3064,VIC,0,0,.NA,.NA,IRECON,0,1,9,9999-12-31 00:00:00.000,2,NULL,,winBeatDevLocal,0,2011-04-05 09:51:14.213,0
594,,49BF59B5-02E7-4DDC-A8A7-026B4A51D683,DEAN ANTONY NISBET,Dean Nisbet,21489486629,07 55805280,07 55298212,0402313512,dean.nisbet@bigpond.com,,18 Peregrine Crescent,,COOMERA,4209,QLD,18 Peregrine Crescent,,COOMERA,4209,QLD,0,0,.NA,.NA,IRECON,0,2,2,2011-04-05 00:00:00.000,1,2011-01-01 00:00:00.000,Previously trading in QLD as company building residential homes ,winBeatDevLocal,0,2011-04-05 10:14:27.883,0
595,,F6548A47-C9E5-482A-BCD4-E0AA509CB36F,Wendy & Norm McFadyen,,,0409367635,,0409367635,w.mcfad@bigpond.com,,PO Box 106,,RAYMOND TERRACE,2324,NSW,PO Box 106,,RAYMOND TERRACE,2324,NSW,0,1,.NA,.NA,IRECON,0,1,9,9999-12-31 00:00:00.000,2,NULL,,winBeatDevLocal,0,2011-04-06 14:27:37.293,0
596,,1FAD6AC5-B8A3-483E-8914-AC40730242CA,Troy Allen,,,0409 51 44 55,  ,0409 51 44 55,t.a.plumbing@optusnet.com.au,,25 Rivette Street,,MORDIALLOC,3195,VIC,25 Rivette Street,,MORDIALLOC,3195,VIC,0,1,.NA,.NA,IRECON,0,1,9,9999-12-31 00:00:00.000,2,NULL,,winBeatDevLocal,0,2011-04-11 09:51:14.860,0
597,,56588938-1184-417C-BFAD-9FCDD333CFAF,Glen Tindall,,,0408887209,,0408887209,stephchan2000au@yahoo.com,,4 Pinedale Way,,SAFETY BAY,6169,WA,4 Preddie Way,,SAFETY BAY,6169,WA,0,1,.NA,.NA,IRECON,0,1,9,9999-12-31 00:00:00.000,2,NULL,,winBeatDevLocal,0,2011-04-15 10:21:31.773,0
598,,66521242-4CA3-4A55-9178-445911EC2654,Jason Blake,,,0422960387,,0422960387,gilblake@bigpond.net.au,,53 Baltic Street,,NEWTOWN,2042,NSW,53 Baltic Street,,NEWTOWN,2042,NSW,0,1,.NA,.NA,IRECON,0,1,9,9999-12-31 00:00:00.000,2,NULL,,winBeatDevLocal,0,2011-04-19 09:18:42.980,0
599,,424C26D8-76C7-4BD4-B646-A5F1DFCE5B32,Kelvin & Barry Bennett,,,0425797401,,0425797401,kelvin.bennett@hsv.com.au,,22/69 River Street,,RICHMOND,3121,VIC,22/69 River Street,,RICHMOND,3121,VIC,0,1,.NA,.NA,IRECON,0,1,9,9999-12-31 00:00:00.000,2,NULL,,winBeatDevLocal,0,2011-04-19 14:58:56.713,0
600,,28A4AAB5-1B1F-4F9C-B463-AB4093F97764,Sarah Carvana,,,0401 419 880,,0401 419 880,sarahc@northernsercurities.com.au,,C/- IRECON,,MELBOURNE,3000,VIC,C/- IRECON,,MELBOURNE,3000,VIC,0,0,.NA,.NA,IRECON,0,1,9,9999-12-31 00:00:00.000,2,NULL,,winBeatDevLocal,0,2011-04-19 15:26:29.233,0
601,,7A78B8A0-6914-4F43-AEC6-E95E7CE6DEDB,Fiona Dacombe,,,0411194119,,0411194119,fiona.dacombe@hotmail.com,,14 Victoria Place,,PADDINGTON,2021,NSW,14 Victoria Place,,PADDINGTON,2021,NSW,0,1,.NA,.NA,IRECON,0,1,11,9999-12-31 00:00:00.000,2,NULL,,winBeatDevLocal,0,2011-04-20 15:03:44.737,0
602,,CFF503A0-5F96-4917-94FC-F0BE03EA22FD,Scott Watson & Leanne Watson,,,0408166441,,0408166441,leawat@hotmail.com,,88 Barkley St,,SUNBURY,3429,VIC,88 Barkley St,,SUNBURY,3429,VIC,0,1,.NA,.NA,IRECON,0,1,9,9999-12-31 00:00:00.000,2,NULL,,winBeatDevLocal,0,2011-04-20 16:22:10.307,0
603,,D6C51F76-82EF-4116-9D39-818D3D8A2849,Faed Salameh,,,0404420098,,0404420098,amandaahrak@hotmail.com,,26 Chiswick Place,,GREENACRE,2190,NSW,26 Chiswick Place,,GREENACRE,2190,NSW,0,1,.NA,.NA,IRECON,0,1,9,9999-12-31 00:00:00.000,2,NULL,,winBeatDevLocal,0,2011-04-21 08:44:38.967,0
604,,9EFFCFCA-44E7-400B-82DB-3042650F9A53,Charmaine Mifsud,,,0412373102,,0412373102,charmaine.mifsud@gmail.com,,12 Halong Dve,,SUNSHINE NORTH,3020,VIC,12 Halong Dve,,SUNSHINE NORTH,3020,VIC,0,0,.NA,.NA,IRECON,0,1,9,9999-12-31 00:00:00.000,2,NULL,,winBeatDevLocal,0,2011-04-21 12:10:06.060,0
605,,ED686ED4-B6DA-4783-9690-967A7A17B6F9,Richard Swan,,,08 9764 3494,,08 9764 3494,Rswan@westnet.com.au,,tba,,GREENBUSHES,6254,WA,tba,,GREENBUSHES,6254,WA,0,0,.NA,.NA,IRECON,0,1,9,9999-12-31 00:00:00.000,2,NULL,,winBeatDevLocal,0,2011-04-27 11:48:35.057,0
606,,25CF985D-2DD1-4A37-B399-6DAF39501DD1,Gregory John Alchin,,,0423 211 834,,0423 211 834,alchinsoz@yahoo.com.au,,Lot 21 Colli Close,,LAKE CATHIE,2445,NSW,Lot 21 Colli Close,,LAKE CATHIE,2445,NSW,0,1,.NA,.NA,IRECON,0,1,9,9999-12-31 00:00:00.000,2,NULL,,winBeatDevLocal,0,2011-04-28 15:29:29.020,0
607,,A6B6E8C7-BBAD-4A87-8A57-BB833544C385,Nicholas Arthur & Dimitra Gina Arthur ,,,0417 305 566,0417 305 566,0417 305 566,nickarthur@bigpond.com,,274 Boundary Road ,,DROMANA,3936,VIC,274 Boundary Road ,,DROMANA,3936,VIC,0,1,.NA,.NA,IRECON,0,1,11,9999-12-31 00:00:00.000,2,NULL,,winBeatDevLocal,0,2011-04-29 12:51:17.823,0
608,,8474F818-BC42-49C6-B64A-BB33935DB9C1,Georgina Figallow,,,0410546588,,0410546588,ginafigallo@iprimus.com.au,,12 Stuart Street,,KILLARNEY VALE,2261,NSW,12 Stuart Street,,KILLARNEY VALE,2261,NSW,0,0,.NA,.NA,IRECON,0,1,9,9999-12-31 00:00:00.000,2,NULL,,winBeatDevLocal,0,2011-05-02 15:16:16.040,0
609,,B1128C05-A5F2-48F2-A941-92D0457596B8,Marilyn Bell,,,0414 338 937 ,,0414 338 937 ,mbell@ausgrid.com.au,,46 Arlington Street,,BELMONT NORTH,2280,NSW,46 Arlington Street,,BELMONT NORTH,2280,NSW,0,1,.NA,.NA,IRECON,0,1,9,9999-12-31 00:00:00.000,2,NULL,,winBeatDevLocal,0,2011-05-02 15:38:39.397,0
610,,1791BCD3-FCF9-47C9-AC5D-6A433D579FAA,Anna Anastastiou,,,0414440753,,0414440753,anna.anastasiou@ge.com,,1/57 Purinuan Road,,RESERVOIR,3073,VIC,1/57 Purinuan Road,,RESERVOIR,3073,VIC,0,0,.NA,.NA,IRECON,0,1,2,9999-12-31 00:00:00.000,2,NULL,,winBeatDevLocal,0,2011-05-02 15:52:27.417,0
611,,5628D48C-7F97-4191-BDA0-F029E3C42BF5,Steve Michael,,,0421 610 431,0421 610 431,0421 610 431,varnavask@bankofcytprus.com.au,,tba,,MELBOURNE,3000,VIC,tba,,MELBOURNE,3000,VIC,0,0,.NA,.NA,IRECON,0,1,11,9999-12-31 00:00:00.000,2,NULL,,winBeatDevLocal,0,2011-05-03 14:23:49.623,0
612,,EB047107-35E2-4154-870B-A22FB7A15C28,Amany & Mokpel Morgan,,,0449950125,,0449950125,amanymorgan@hotmail.com,,PO Box 77,,DULWICH HILL,2203,NSW,PO Box 77,,DULWICH HILL,2203,NSW,0,0,.NA,.NA,IRECON,0,1,9,9999-12-31 00:00:00.000,2,NULL,,winBeatDevLocal,0,2011-05-04 09:35:01.090,0
613,,E39562F0-587D-40F4-85EB-51C05EAB5F3C,Mark Smith,,,08 8349 5744,,0421 282 255 ,marks@olympicindustries.com.au,,24 Hobart Crescent,,BANKSIA PARK,5091,SA,24 Hobart Crescent,,BANKSIA PARK,5091,SA,0,1,.NA,.NA,IRECON,0,1,9,9999-12-31 00:00:00.000,2,NULL,,winBeatDevLocal,0,2011-05-04 10:39:42.513,0
614,,E494119F-0EB5-464C-874F-9F5036900FD3,Rade Cvetkoski,,,0400020018,,0400020018,sue.cv@hotmail.com,,44 West Crescent,,HURSTVILLE GROVE,2220,NSW,44 West Crescent,,HURSTVILLE GROVE,2220,NSW,0,1,.NA,.NA,IRECON,0,1,9,9999-12-31 00:00:00.000,2,NULL,,winBeatDevLocal,0,2011-05-04 14:20:40.470,0
615,,FF58EE86-0D65-465C-AA40-75B1A5C8715A,Kristy Lee Wright,,,02 49219936 ,,0405377379,kristy-lee.wright@greater.com.au,,2 Bosuns Place,,SALAMANDER BAY,2317,NSW,2 Bosuns Place,,SALAMANDER BAY,2317,NSW,0,1,.NA,.NA,IRECON,0,1,9,9999-12-31 00:00:00.000,2,NULL,,winBeatDevLocal,0,2011-05-05 09:25:41.513,0
616,,5B3C34C3-CBAD-44BA-9ED2-D8CB9A7CCA39,Scott Groves,,,0422032449,,0422032449,jtyler@iaa.net.au,,39 Roberts Avenue,,RANDWICK,2031,NSW,39 Roberts Avenue,,RANDWICK,2031,NSW,0,1,.NA,.NA,TYLER,0,1,2,9999-12-31 00:00:00.000,2,NULL,,winBeatDevLocal,0,2011-05-06 09:49:57.777,0
617,,B375F7F5-7F7E-4A38-8E61-C810CFEC069A,Peter Wayne Short ,,,02 4382 3163,0416 015 527,0416 015 527,ppi.short@optusnet.com.au,,PO BOX 210,,AVOCA BEACH,2251,NSW,PO BOX 210,,AVOCA BEACH,2251,NSW,0,1,.NA,.NA,IRECON,0,1,2,9999-12-31 00:00:00.000,2,NULL,,winBeatDevLocal,0,2011-05-06 14:38:59.620,0
618,,01952518-F7EB-4125-B9EE-9A40CB8EF556,Katie Nguyen,,,0401 527 648 ,0401 527 648 ,0401 527 648,katie_nguyen_77@hotmail.com,,TBA ,,KEILOR EAST,3033,VIC,TBA ,,KEILOR EAST,3033,VIC,0,0,.NA,.NA,IRECON,0,1,11,9999-12-31 00:00:00.000,2,NULL,,winBeatDevLocal,0,2011-05-10 14:10:34.047,0
619,,2C0A292C-81E7-419A-8C04-394D094BF357,Sinisha Licinar,,,0411 067 606,0411 067 606,0411 067 606,sinishal@yahoo.com.au,,15A Curnola Ave ,,DONCASTER,3108,VIC,15A Curnola Ave ,,DONCASTER,3108,VIC,0,1,.NA,.NA,IRECON,0,1,11,9999-12-31 00:00:00.000,2,NULL,,winBeatDevLocal,0,2011-05-10 14:59:27.970,0
620,,DDD61A26-1D03-45CA-B463-BEB0B0468290,Priscilla Barrott,,,0421 874 922,0421 874 922,0421 874 9222,barrot.priscilla.p@edumail.gov.au,,16 Kerr Cres,,MONTROSE,3765,VIC,16 Kerr Cres,,MONTROSE,3765,VIC,0,0,.NA,.NA,IRECON,0,1,11,9999-12-31 00:00:00.000,2,NULL,,winBeatDevLocal,0,2011-05-10 15:46:19.650,0
621,,5973F0F2-36DF-4BE1-B86D-1D3608072FF7,Parthena Patestos,,,0409506054,,0409506054,parthena@pridejoy.com.au,,PO Box 7042,,ASPENDALE,3195,VIC,PO Box 7042,,ASPENDALE,3195,VIC,0,1,.NA,.NA,IRECON,0,1,9,9999-12-31 00:00:00.000,2,NULL,,winBeatDevLocal,0,2011-05-12 12:10:13.400,0
622,,4702DA0C-4949-4A9D-909B-43B489A3EF80,Connie Loprevite,,,0417 669 689,,0417 669 689,connie@shbr.com.au,,Connie Loprevite,TBA ,LINLEY POINT,2066,NSW,Connie Loprevite,TBA ,LINLEY POINT,2066,NSW,0,0,.NA,.NA,IRECON,0,1,9,9999-12-31 00:00:00.000,2,NULL,,winBeatDevLocal,0,2011-05-13 10:55:21.513,0
623,,10D288A9-EE05-4205-A0B2-A4652ECCCC9D,Matthew Spaccatore & Helene Spaccatore,,,03/9376 0553,,03/9376 0553,helenemat@bigpond.com,,90 Bryant Street,,FLEMINGTON,3031,VIC,90 Bryant Street,,FLEMINGTON,3031,VIC,0,1,.NA,.NA,IRECON,0,1,9,9999-12-31 00:00:00.000,2,NULL,,winBeatDevLocal,0,2011-05-13 14:19:23.860,0
624,,BB1BA17E-641C-497D-A78E-74E8BB1AA78D,Matthew Long,,,0449904331,,0449904331,powdersnowboarding@hotmail.com,,tba,tba,MELBOURNE,3000,VIC,tba,tba,MELBOURNE,3000,VIC,0,0,.NA,.NA,IRECON,0,1,2,9999-12-31 00:00:00.000,2,NULL,,winBeatDevLocal,0,2011-05-17 09:35:24.500,0
625,,FD0D4D6B-1023-431B-A354-C18293D2AD6F,Janis Richard Neimanis,,,0408123263,,0408123263,redefineld@optusnet.com.au,,28 Redman Road,,DEE WHY,2099,NSW,28 Redman Road,,DEE WHY,2099,NSW,0,1,.NA,.NA,IRECON,0,1,9,9999-12-31 00:00:00.000,2,NULL,,winBeatDevLocal,0,2011-05-17 12:18:05.660,0
626,,F6A59F5D-0A9E-4CD6-99A0-C7A5C571F22C,Justin Russell,,,0407088002,,0407088002,Justin_tonella@bigpond.com,,5 Wildwood Way,,DURAL,2158,NSW,5 Wildwood Way,,DURAL,2158,NSW,0,1,.NA,.NA,IRECON,0,1,9,9999-12-31 00:00:00.000,2,NULL,,winBeatDevLocal,0,2011-05-18 09:42:33.283,0
627,,EF77D042-5B13-4B7F-BA61-49CB1ED36DD1,Paul Alan Flannery,,,0408352267,,0408352267,pneflannery@hotmail.com,,31 Wollombi Road,,RUTHERFORD,2320,NSW,31 Wollombi Road,,RUTHERFORD,2320,NSW,0,1,.NA,.NA,IRECON,0,1,9,9999-12-31 00:00:00.000,2,NULL,,winBeatDevLocal,0,2011-05-18 14:46:19.137,0
628,,6AA75B17-86EE-4704-AFB1-23B10A300470,Robert John Macdonald,,,0419630779,,0419630779,bob@nak.com.au,,22 Excelsior Road,,MOUNT COLAH,2079,NSW,22 Excelsior Road,,MOUNT COLAH,2079,NSW,0,1,.NA,.NA,IRECON,0,1,9,9999-12-31 00:00:00.000,2,NULL,,winBeatDevLocal,0,2011-05-23 10:40:12.747,0
629,,D448DFFC-3DFD-41EE-B3EC-BD0C1AD578BF,Stephen Boyd-Squires,,,03 57791700,,03 57791700,sales@clarkco.com.au,,C/O Clarke & Co. Real Estate,tba,MELBOURNE,3000,VIC,C/O Clarke & Co. Real Estate,tba,KEVINGTON,3723,VIC,0,1,.NA,.NA,IRECON,0,1,9,9999-12-31 00:00:00.000,2,NULL,,winBeatDevLocal,0,2011-05-23 11:28:37.573,0
630,,7E0B3950-EB9E-46F0-86B3-68FEC311CCC2,Katie Kelly,,,0249329117,,0428186201,katiek71@gmail.com,,20 Mckeachies Drive,,ABERGLASSLYN,2320,NSW,20 Mckeachies Drive,,ABERGLASSLYN,2320,NSW,0,1,.NA,.NA,IRECON,0,1,9,9999-12-31 00:00:00.000,2,NULL,,winBeatDevLocal,0,2011-05-23 12:54:29.113,0
631,,F5D8A4FC-D8BE-4F0C-8B57-2D78E0FDDE66,Max Sidhu,,,0433874609,,0433874609,Sidhu.max@gmail.com,,Max Sidhu,123 Rob Riley Circuit ,BONNER,2914,ACT,Max Sidhu,123 Rob Riley Circuit ,BONNER,2914,ACT,0,0,.NA,.NA,IRECON,0,1,9,9999-12-31 00:00:00.000,2,NULL,,winBeatDevLocal,0,2011-05-25 16:00:00.397,0
632,,FDCA2F85-04E6-46FA-A2F3-CC24E14B19B0,Gregory David Reedman,,,0845 643 4610,,+44 (0) 7748382607,ivan@torquingtechnology.com,,tba,,LAUNCESTON,7250,TAS,tba,,LAUNCESTON,7250,TAS,0,1,.NA,.NA,IRECON,0,1,9,9999-12-31 00:00:00.000,2,NULL,,winBeatDevLocal,0,2011-05-26 09:18:27.347,0
633,,9EF9DEE1-F58A-42F5-9939-EB4F9E82F9B2,Lindsey Gotts,,,0448 662 227,,0448 662 227,sjbamford@live.com,,17 Gurr St ,,GOODWOOD,5034,SA,17 Gurr St ,,GOODWOOD,5034,SA,0,1,.NA,.NA,IRECON,0,1,9,9999-12-31 00:00:00.000,2,NULL,,winBeatDevLocal,0,2011-05-31 09:37:10.147,0
634,,332C71F1-4063-4C92-BF13-378433FC217C,DANIEL JOHN CORR,Daniel Corr Building Services,96625059620,0411137263,,0411137263,dcorrbuildingservices@gmail.com,,8 Bass Road,,SHOALHAVEN HEADS,2535,NSW,8 Bass Road,,SHOALHAVEN HEADS,2535,NSW,0,1,.NA,.NA,IRECON,0,2,2,2011-06-01 00:00:00.000,1,2002-01-01 00:00:00.000,,winBeatDevLocal,0,2011-06-01 10:36:50.737,0
635,,5D436B9A-A5FF-49A9-B4DC-4DB3B0E5CB05,Mohammed Melham,,,0412 040 516,,0412 040 516,alimelham@optusnet.com.au,,Unit 1/63 Campbell Road ,,HAWTHORN EAST,3123,VIC,Unit 1/63 Campbell Road ,,HAWTHORN EAST,3123,VIC,0,0,.NA,.NA,IRECON,0,1,9,9999-12-31 00:00:00.000,2,NULL,,winBeatDevLocal,0,2011-06-01 14:20:06.207,0
636,,8619DC75-AC0D-4187-8DE7-F1300D6EEFC6,Sang Vo,,,0404068789,,0404068789,sang.vo@au.pwc.com,,301/76 Ryder Boulevarde,,RHODES,2138,NSW,301/76 Ryder Boulevarde,,RHODES,2138,NSW,0,0,.NA,.NA,IRECON,0,1,9,9999-12-31 00:00:00.000,2,NULL,,winBeatDevLocal,0,2011-06-06 11:10:24.180,0
637,,AAE202BB-6CDF-4684-832C-8666B4A3082A,Martin Colless,,,0419610451,,0419610451,martincolless@gmail.com,,57 Nelson Road,,NELSON,2765,NSW,57 Nelson Road,,NELSON,2765,NSW,0,1,.NA,.NA,IRECON,0,1,2,9999-12-31 00:00:00.000,2,NULL,,winBeatDevLocal,0,2011-06-06 13:19:24.483,0
638,,AFB688D7-AD9D-4C32-B91F-78BAA328290A,George Laios,,,99999999,,99999999,clcl11@dodo.com.au,,tba,,YARRAVILLE,3013,VIC,tba,,YARRAVILLE,3013,VIC,0,0,.NA,.NA,IRECON,0,1,9,9999-12-31 00:00:00.000,2,NULL,,winBeatDevLocal,0,2011-06-07 09:09:46.793,0
639,,B1B640E5-8BB8-46DA-A984-0302370D5ECC,Alison Roach,,,0402032503,,0402032503,alisonroach@iinet.net.au,,10 Coombah Close ,,TAPITALLEE,2540,NSW,10 Coombah Close ,,TAPITALLEE,2540,NSW,0,0,.NA,.NA,IRECON,0,1,9,9999-12-31 00:00:00.000,2,NULL,,winBeatDevLocal,0,2011-06-07 13:11:27.857,0
640,,42F4CFDB-7065-472A-9AF0-FF6CBB694294,John Chung,,,0439792425,,0439792425,totalcaremedic1@gmail.com,,9 Dodson Crt,,TYABB,3913,VIC,9 Dodson Crt,,TYABB,3913,VIC,0,0,.NA,.NA,IRECON,0,1,9,9999-12-31 00:00:00.000,2,NULL,,winBeatDevLocal,0,2011-06-07 16:15:54.773,0
641,,E76550A6-9D71-4C95-ADC4-EF6CFC4097F7,Sanjeev Joshi,,,0410716899 ,,0410716899 ,joshisanjeevk@yahoo.com.au,,TBA,,EDMONDSON PARK,2174,NSW,TBA,,EDMONDSON PARK,2174,NSW,0,0,.NA,.NA,IRECON,0,1,9,9999-12-31 00:00:00.000,2,NULL,,winBeatDevLocal,0,2011-06-09 14:57:38.967,0
642,,E4236F49-28A8-4847-9118-AC5EC7C581C1,Alison Ashley & Allan Ashley,,,02 4381 1403,,02 4381 1403,aa@aaaweb.net,,9 Macmasters parade ,,MACMASTERS BEACH,2251,NSW,9 Macmasters parade ,,MACMASTERS BEACH,2251,NSW,0,0,.NA,.NA,IRECON,0,1,9,9999-12-31 00:00:00.000,2,NULL,,winBeatDevLocal,0,2011-06-09 15:14:56.220,0
643,,45B78C20-B727-4E03-A783-31C6668FA373,Luke Clayton,,,02 6274 6893,,02 6274 6893,Luke.clayton@infrastructure.gov.au,,5 Fisher St,,AINSLIE,2602,ACT,5 Fisher St,,AINSLIE,2602,ACT,0,0,.NA,.NA,IRECON,0,1,9,9999-12-31 00:00:00.000,2,NULL,,winBeatDevLocal,0,2011-06-14 13:19:00.587,0
644,,F8877739-024B-42A4-BBAA-17D248727FD0,PM Horan & MJ Horan,,,0408 189 572,,0408 189 572,polmat@aapt.net.au,,8 Read Street,,NEWTOWN,3220,VIC,8 Read Street,,NEWTOWN,3220,VIC,0,1,.NA,.NA,IRECON,0,1,9,9999-12-31 00:00:00.000,2,NULL,,winBeatDevLocal,0,2011-06-14 13:33:28.347,0
645,,9009AA74-98C2-4398-B5E5-DF65F0B95FF4,Loren Brown,,,99999999,,99999999,Brown000@bigpond.net.au,,tba,,BLAIRGOWRIE,3942,VIC,tba,,BLAIRGOWRIE,3942,VIC,0,0,.NA,.NA,IRECON,0,1,9,9999-12-31 00:00:00.000,2,NULL,,winBeatDevLocal,0,2011-06-14 14:59:05.967,0
646,,A19EF3BE-1A17-4E1F-A375-164BBE45C022,Rodney Schipp,,,041822999,,041822999,schippr@tpg.com.au,,73 Dover Road,,ROSE BAY,2029,NSW,73 Dover Road,,ROSE BAY,2029,NSW,0,1,.NA,.NA,IRECON,0,1,9,9999-12-31 00:00:00.000,2,NULL,,winBeatDevLocal,0,2011-06-14 15:24:14.130,0
647,,7C8DBECC-3E7E-45D5-A922-96E80705AB16,Melina Shackell &Toby Cumming,,,0433276454,,0433276454,mel_shack@yahoo.com,,2 Pitt Street,,WEST FOOTSCRAY,3012,VIC,2 Pitt Street,,WEST FOOTSCRAY,3012,VIC,0,1,.NA,.NA,IRECON,0,1,2,9999-12-31 00:00:00.000,2,NULL,,winBeatDevLocal,0,2011-06-14 15:38:27.543,0
648,,FD46953B-1114-40A9-8860-26CE0EB89ABA,Andrew borg,,,0403561435,,0403561435,justinborg83@hotmail.com,,Lot 73 Fieldstone Way,,BROOKFIELD,3338,VIC,Lot 73 Fieldstone Way,,BROOKFIELD,3338,VIC,0,0,.NA,.NA,IRECON,0,1,9,9999-12-31 00:00:00.000,2,NULL,,winBeatDevLocal,0,2011-06-21 09:40:50.963,0
649,,01EB2375-1E12-4F6F-A4D3-6BD6307D4358,Michael Benito,,,0414844969,,0414844969,mcbenito1@bigpond.com,,Michael Benito,33 eln st ,FLEMINGTON,3031,VIC,Michael Benito,33 eln st ,FLEMINGTON,3031,VIC,0,0,.NA,.NA,IRECON,0,1,2,9999-12-31 00:00:00.000,2,NULL,,winBeatDevLocal,0,2011-06-21 09:47:02.010,0
650,,E90F662D-44EF-4CE1-80E7-AE5DBBFDBFB2,Wayne Thornett,,,0421049370,,0421049370,lconnolly@irecon.com.au,,384A Albatross Road,,NOWRA HILL,2540,NSW,384A Albatross Road,,NOWRA HILL,2540,NSW,0,1,.NA,.NA,IRECON,0,1,9,9999-12-31 00:00:00.000,2,NULL,,winBeatDevLocal,0,2011-06-21 19:21:01.463,0
651,,DF715B60-0254-4EE2-8CF5-68A46E27B446,Xhazi Balla,,,0421610962,,0421610962,lindita.balla@hotmail.com,,10 The Esplanade,,POINT COOK,3030,VIC,10 The Esplanade,,POINT COOK,3030,VIC,0,1,.NA,.NA,IRECON,0,1,9,9999-12-31 00:00:00.000,2,NULL,,winBeatDevLocal,0,2011-06-23 11:36:51.443,0
652,,7382D7A9-6FD8-403C-A920-6D3958954B82,Xhazi Balla,,,0421610962,,0421610962,lindita.balla@hotmail.com,,10 The Esplanade,,POINT COOK,3030,VIC,10 The Esplanade,,POINT COOK,3030,VIC,0,0,.NA,.NA,IRECON,0,1,9,9999-12-31 00:00:00.000,2,NULL,,winBeatDevLocal,0,2011-06-23 11:57:37.563,0
653,,89809C38-EBB6-4287-A580-D76B301757D0,Gregory Kelly,,,0468939550,,0468939550,gretakel@hotmail.com,,12 Coopers Close,,LENNOX HEAD,2478,NSW,12 Coopers Close,,LENNOX HEAD,2478,NSW,0,1,.NA,.NA,IRECON,0,1,9,9999-12-31 00:00:00.000,2,NULL,,winBeatDevLocal,0,2011-06-23 12:18:48.203,0
654,,E2AFCCFB-80D3-4EA6-88B5-9B7D0BBB2B1F,Goran Grasevski,,,0416072151,,0416072151,grasheconstruction@live.com,,3 Wilson Street,,NARWEE,2209,NSW,3 Wilson Street,,NARWEE,2209,NSW,0,1,.NA,.NA,IRECON,0,1,9,9999-12-31 00:00:00.000,2,NULL,,winBeatDevLocal,0,2011-06-23 12:30:20.577,0
655,,41C37D29-D38E-405E-88D1-B58C1C01214A,Tina Rainbow,,,0437 916 605,,0437 916 605,tinarainbow@yahoo.com,,109A Cambridge St,,COLLINGWOOD,3066,VIC,109A Cambridge St,,COLLINGWOOD,3066,VIC,0,1,.NA,.NA,IRECON,0,1,9,9999-12-31 00:00:00.000,2,NULL,,winBeatDevLocal,0,2011-06-24 14:44:11.047,0
656,,07D58231-C85B-45CA-A37C-04DF75EC0F3D,Diane Rudd & John Rudd,,,02 4326 1326 ,,0438 464 616,djrudd@optusnet.com.au,,TBA,,COPACABANA,2251,NSW,TBA,,COPACABANA,2251,NSW,0,0,.NA,.NA,IRECON,0,1,9,9999-12-31 00:00:00.000,2,NULL,,winBeatDevLocal,0,2011-06-29 13:43:37.830,0
657,,2BA98809-3107-4FA7-802A-C23D304292FE,Amanda Marsh,,,0408613264,,0408613264,agm@southernphone.com.au,,38 Coastal Court,,DALMENY,2546,NSW,38 Coastal Court,,DALMENY,2546,NSW,0,1,.NA,.NA,IRECON,0,1,9,9999-12-31 00:00:00.000,2,NULL,,winBeatDevLocal,0,2011-07-05 11:47:21.637,0
658,,AF842DFA-860D-473E-9342-61A6BD52DEE1,Wasaam Azhar,,,0401153300,,0401153300,wasim44@hotmail.com,,tba,tba,CRANBOURNE,3977,VIC,tba,tba,CRANBOURNE,3977,VIC,0,0,.NA,.NA,IRECON,0,1,9,9999-12-31 00:00:00.000,2,NULL,,winBeatDevLocal,0,2011-07-06 12:52:22.533,0
659,,E6C16992-2F88-40EE-8C53-ED7097371E43,Stuart Robert Johnson,,,0417186805,,0417186805,lindabob@gmail.com,,46 Sandgate Street,,SOUTH PERTH,6151,WA,46 Sandgate Street,,SOUTH PERTH,6151,WA,0,1,.NA,.NA,IRECON,0,1,9,9999-12-31 00:00:00.000,2,NULL,,winBeatDevLocal,0,2011-07-07 11:16:42.200,0
660,,C7458851-8B5E-4571-955D-490FA2751537,Linda Johnson & Bob Johnson,,,0417186805 ,,0417186805 ,lindabob@gmail.com,,C/O Irecon,:  Studio 3, 38 Exchange Parade,NARELLAN,2567,NSW,C/O Irecon,:  Studio 3, 38 Exchange Parade,NARELLAN,2567,NSW,0,0,.NA,.NA,IRECON,0,1,9,9999-12-31 00:00:00.000,2,NULL,,winBeatDevLocal,0,2011-07-07 13:05:22.950,0
661,,047523F0-88B8-4E44-98A8-DFAEC3D00153,DICKINSON PROPERTY GROUP PTY LIMITED,,87080162152,02 46461500,02 46461756 ,0414235014,accounts@dickinsons.net.au,,Suite 26 "The Exchange",1 Elyard Street,NARELLAN,2567,NSW,Suite 26 "The Exchange",1 Elyard Street,NARELLAN,2567,NSW,0,1,.NA,.NA,IRECON,0,4,11,2011-07-08 00:00:00.000,1,1997-01-01 00:00:00.000,,winBeatDevLocal,0,2011-07-08 09:47:14.577,0
662,,5D0D51B6-4922-4A72-A6A7-3F4ADEF96085,Adrian Verrier,,,0430633118,,0430633118      ,v1adrian@hotmail.com,,Adrian Verrier,7 Moyes Court,PARA HILLS,5096,SA,Adrian Verrier,7 Moyes Court,PARA HILLS,5096,SA,0,1,.NA,.NA,IRECON,0,1,9,9999-12-31 00:00:00.000,2,NULL,,winBeatDevLocal,0,2011-07-11 10:25:47.690,0
663,,817DF5C9-68B4-446A-BAAF-6C266DE7ABCB,Raymond & Annette McDonald,,,0355654593,,0355654593,mcdonaldnet1@yahoo.com.au,,215 Russells Road,,MAILORS FLAT,3275,VIC,215 Russells Road,,MAILORS FLAT,3275,VIC,0,1,.NA,.NA,IRECON,0,1,9,9999-12-31 00:00:00.000,2,NULL,,winBeatDevLocal,0,2011-07-11 15:48:03.213,0
664,,C9AF1D67-3C8B-4FFA-A25A-DDEE99690BF3,Kerry Ann Korsman,,,0402124469,,0402124469,korsmans@skymesh.com.au,,372 Kandanga-Amamoor rd,,AMAMOOR,4570,QLD,372 Kandanga-Amamoor rd,,AMAMOOR,4570,QLD,0,1,.NA,.NA,IRECON,0,1,9,9999-12-31 00:00:00.000,2,NULL,,winBeatDevLocal,0,2011-07-13 12:45:33.767,0
665,,532036FE-6FAE-4253-BDB2-70E71E343405,FED CONSULTING SERVICES PTY. LIMITED,FED CONSULTING SERVICES PTY LTD,20008553455,0418624324,,0418624324,fedconsulting@hotmail.com,,14 Severne Street,,QUEANBEYAN,2620,NSW,14 Severne Street,,QUEANBEYAN,2620,NSW,0,1,.NA,.NA,IRECON,0,4,2,2013-05-16 00:00:00.000,1,1980-01-01 00:00:00.000,,winBeatDevLocal,0,2011-07-14 10:09:25.670,0
666,,C6AC709B-3DE5-4539-BD28-B0CCE9318496,Karen Agius,,,0401 264 913,,0401 264 913,Karen.agius@yahoo.com.au,,Karen Agius,Lot 331 Glencoe St,KURUNJANG,3337,VIC,Karen Agius,Lot 331 Glencoe St,KURUNJANG,3337,VIC,0,1,.NA,.NA,IRECON,0,1,9,9999-12-31 00:00:00.000,2,NULL,,winBeatDevLocal,0,2011-07-15 14:07:48.717,0
667,,68C9E233-FD64-4A30-BEE6-AD0F4CA15794,HiTek Solutions,,,3 51341865 ,,3 51341865 ,hitek_solutions2000@yahoo.com.au,,P.O. Box 205 ,,HAZELWOOD,3840,VIC,P.O. Box 205 ,,HAZELWOOD,3840,VIC,0,1,.NA,.NA,IRECON,0,1,9,9999-12-31 00:00:00.000,2,NULL,,winBeatDevLocal,0,2011-07-18 09:58:46.783,0
668,,CF6DB203-3C4B-4F78-844D-2596DFAD4D55,Jenny Kovacs,,,0413546547,,0413546547,Jenny.kovacs@macquarie.com,,tba,,LILYFIELD,2040,NSW,tba,,LILYFIELD,2040,NSW,0,0,.NA,.NA,IRECON,0,1,9,9999-12-31 00:00:00.000,2,NULL,,winBeatDevLocal,0,2011-07-18 15:23:20.667,0
669,,DDDB339B-0418-47F2-ABDB-A59D866FF5D5,Arthur Chriss,,,0413249364,,0413249364,lconnolly@irecon.com.au,,8/3 Arthursleigh Street,,BURWOOD,2134,NSW,8/3 Arthursleigh Street,,BURWOOD,2134,NSW,0,1,.NA,.NA,IRECON,0,1,2,9999-12-31 00:00:00.000,2,NULL,,winBeatDevLocal,0,2011-07-21 11:01:10.903,0
670,,D1645F31-231F-443C-9402-318E37BDD533,Peter Thomas,,,02 47338413,,0400408376,pemythomas@bigpond.com,,6 Burra Close,,GLENMORE PARK,2745,NSW,6 Burra Close,,GLENMORE PARK,2745,NSW,0,1,.NA,.NA,IRECON,0,1,9,9999-12-31 00:00:00.000,2,NULL,,winBeatDevLocal,0,2011-07-25 09:57:59.740,0
671,,3EA1E9FF-B63A-44EE-8CEC-BD3BE574F7D9,John Wood,,,0262369607,,0404919468,dorothy@timeandmotion.com.au,,72 Shepherd Road,,BYWONG,2621,NSW,72 Shepherd Road,,BYWONG,2621,NSW,0,1,.NA,.NA,IRECON,0,1,9,9999-12-31 00:00:00.000,2,NULL,,winBeatDevLocal,0,2011-07-29 09:44:50.390,0
672,,65AB7E17-117B-4D97-AA0A-4C23F5ABD496,Mijanovic Milan Mikolina,,,0402014336,,0402014336,Mikolina_1980@yahoo.com.au,,C/O Irecon,Studio 3, 38 Exchange Parade,NARELLAN,2567,NSW,C/O Irecon,Studio 3, 38 Exchange Parade,NARELLAN,2567,NSW,0,0,.NA,.NA,IRECON,0,1,9,9999-12-31 00:00:00.000,2,NULL,,winBeatDevLocal,0,2011-08-01 10:22:37.490,0
673,,DF0D6CA2-C6D7-4327-8E60-89827AC7A4E2,David & Ken Bird,,,02 63525819,,0401082080,ixuzus@yahoo.com.au,,35 Outer Crescent,,LITHGOW,2790,NSW,35 Outer Crescent,,LITHGOW,2790,NSW,0,1,.NA,.NA,IRECON,0,1,9,9999-12-31 00:00:00.000,2,NULL,,winBeatDevLocal,0,2011-08-01 11:54:02.590,0
674,,B3E6EDCE-C828-4F5B-B77E-87917B516BF9,Biren Joshi,,,0433197164,,0433197164,birenjoshi@gmail.com,,C/O Irecon,Studio 3, 38 Exchange Parade,NARELLAN,2567,NSW,C/O Irecon,Studio 3, 38 Exchange Parade,NARELLAN,2567,NSW,0,0,.NA,.NA,IRECON,0,1,9,9999-12-31 00:00:00.000,2,NULL,,winBeatDevLocal,0,2011-08-03 09:36:06.597,0
675,,5F2C482B-5538-4D2D-A4D6-77235E448FAC,Amanda Finch,,,0423679087,,0423679087,mikeamanda@e-wire.net.au,,C/O Irecon,Studio 3, 38 Exchange Parade,NARELLAN,2567,NSW,C/O Irecon,Studio 3, 38 Exchange Parade,NARELLAN,2567,NSW,0,0,.NA,.NA,IRECON,0,1,9,9999-12-31 00:00:00.000,2,NULL,,winBeatDevLocal,0,2011-08-04 09:34:08.943,0
676,,0902E04E-040D-4347-B812-1BDA6C50300C,Matt & Meagan Di Florio,,,0402479493,,0402479493,pepperjazz@optusnet.com.au,,145 Gowanbrae Drive,,GOWANBRAE,3043,VIC,145 Gowanbrae Drive,,GOWANBRAE,3043,VIC,0,1,.NA,.NA,IRECON,0,1,9,9999-12-31 00:00:00.000,2,NULL,,winBeatDevLocal,0,2011-08-04 12:09:19.310,0
677,,D30E5CC8-44A8-4D23-8A0C-01F73FB78121,Jessica & Daniel Woolley,,,0423 477 708,,0423 477 708,woolley@internode.on.net,,c/o Irecon Insurance Brokers,,LARGS,2320,NSW,c/o Irecon Insurance Brokers,,LARGS,2320,NSW,0,1,.NA,.NA,IRECON,0,1,9,9999-12-31 00:00:00.000,2,NULL,,winBeatDevLocal,0,2011-08-09 14:00:23.650,0
678,,89D63DBA-4368-432F-A501-2B77ADE4A56B,Hasib Audish,,,1300473266,,1300473266,Cashstoprichmond@hotmail.com,,C/O Irecon,Studio 3, 38 Exchange Parade,NARELLAN,2567,NSW,C/O Irecon,Studio 3, 38 Exchange Parade,NARELLAN,2567,NSW,0,1,.NA,.NA,IRECON,0,1,9,9999-12-31 00:00:00.000,2,NULL,,winBeatDevLocal,0,2011-08-10 13:43:49.113,0
679,,1DE2B8FD-9CC1-49DD-9932-305D36E110BB,Simon Taylor,,,03 9831 7312 ,,0420335453,SimonT@people.net.au,,12 Larbert Road,,MOOROOLBARK,3138,VIC,12 Larbert Road,,MOOROOLBARK,3138,VIC,0,1,.NA,.NA,IRECON,0,1,2,9999-12-31 00:00:00.000,2,NULL,,winBeatDevLocal,0,2011-08-11 08:59:18.740,0
680,,1BC8CCF0-9232-4A93-992E-52C97F03B72E,Samantha Tribe,,,0403324636,,0403324636,samanthatribe@hotmail.com,,10 June Place,,GYMEA BAY,2227,NSW,10 June Place,,GYMEA BAY,2227,NSW,0,0,.NA,.NA,IRECON,0,1,9,9999-12-31 00:00:00.000,2,NULL,,winBeatDevLocal,0,2011-08-15 12:22:42.200,0
681,,90BE2164-FE22-451F-B141-D52D99E278F1,Damir Jaksic,,,0488192656,,0488192656,smallalchemist@hotmail.com,,8 Weita Close,,GREEN VALLEY,2168,NSW,8 Weita Close,,GREEN VALLEY,2168,NSW,0,1,.NA,.NA,IRECON,0,1,9,9999-12-31 00:00:00.000,2,NULL,,winBeatDevLocal,0,2011-08-15 12:50:58.060,0
682,,0CD9F3B4-028E-4DEA-A113-4A21DC0EB063,Michael Doran,,,0432104632,,0432104632,transportables@hotmail.com,,52 State St,,VICTORIA PARK,6100,WA,52 State St,,VICTORIA PARK,6100,WA,0,1,.NA,.NA,IRECON,0,1,9,9999-12-31 00:00:00.000,2,NULL,,winBeatDevLocal,0,2011-08-16 11:57:01.603,0
683,,D06C336A-C7B1-47B6-86DB-4BC56C0297BB,Jai Smith & Fiona Smith,,,0411367076,,0411367076,jai.fiona.smith@gmail.com,,6 Oakhill Ave,,HIGHTON,3216,VIC,6 Oakhill Ave,,HIGHTON,3216,VIC,0,1,.NA,.NA,IRECON,0,1,9,9999-12-31 00:00:00.000,2,NULL,,winBeatDevLocal,0,2011-08-16 12:14:11.903,0
684,,352A7225-F6AA-4E99-81C8-7AE900E61A7E,Andrew Smith & Marnie Swan,,,0403 324 564,,0403 324 564,marnie.swan@mortgagechoice.com.au,,40 O'Donahues Road,,KILMORE,3764,VIC,PO Box 332,,KILMORE,3764,VIC,0,1,.NA,.NA,IRECON,0,1,9,9999-12-31 00:00:00.000,2,NULL,,winBeatDevLocal,0,2011-08-16 15:53:16.143,0
685,,07DEE7B6-5A50-4AAE-8898-60BBAA60A0A2,John Iacovou,,,0434003659,,04340400659,john.iacovou@topcut.com.au,,7 Stewart Street,,WILLIAMSTOWN,3016,VIC,7 Stewart Street,,WILLIAMSTOWN,3016,VIC,0,0,.NA,.NA,IRECON,0,1,9,9999-12-31 00:00:00.000,2,NULL,,winBeatDevLocal,0,2011-08-17 16:59:28.483,0
686,,F8B76243-9FDE-4DBA-BA2A-E6EB07FEEFDE,Dao Ngo,,,02 9317 8683,1300 473266,1300 473266,chi.vuu@gmail.com,,2 Alice Street,,YARRAVILLE,3013,VIC,2 Alice Street,,YARRAVILLE,3013,VIC,0,0,.NA,.NA,IRECON,0,1,9,9999-12-31 00:00:00.000,2,NULL,,winBeatDevLocal,0,2011-08-18 10:01:54.797,0
687,,AC1EF1C0-CBBC-46E2-A3D7-E71DC7C142B0,Terry Rixon,,,02 6585 5885,0418 656 518,0418 656 518,terryarix@gmail.com,,PO BOX 40,,BONNY HILLS,2445,NSW,PO BOX 40,,BONNY HILLS,2445,NSW,0,1,.NA,.NA,IRECON,0,1,2,9999-12-31 00:00:00.000,2,NULL,,winBeatDevLocal,0,2011-08-23 12:03:45.050,0
688,,A9515ADC-7A15-4AEC-B835-E6062559FC45,ABP Abuildpro Pty Ltd,,69139961676,02 93634227,02 93634229,0412090210,paul@abuildpro.com.au,,Level 1,9 Bay Street ,DOUBLE BAY,2028,NSW,PO Box 210,,DOUBLE BAY,2028,NSW,0,1,.NA,.NA,IRECON,0,4,2,2011-08-23 00:00:00.000,1,2010-01-01 00:00:00.000,Director and licence holder for ABuildpro Pty Ltd - also builder with Calliden refer separate Eligibility.,winBeatDevLocal,0,2011-08-23 13:31:46.767,0
689,,723DEF1C-502A-4320-93CB-E49934C491D1,Albert Galletta,,,02 9774 1523,0418 164 443,0418 164 443,galletta@optusnet.com.au,,36 Austin Boulevard ,,PICNIC POINT,2213,NSW,36 Austin Boulevard ,,PICNIC POINT,2213,NSW,0,1,.NA,.NA,IRECON,0,1,2,9999-12-31 00:00:00.000,2,NULL,,winBeatDevLocal,0,2011-08-26 14:22:28.553,0
690,,FBE2D0AE-FB52-49A7-9020-7FE512703A07,Wallace MacDonald ,,,03 9726 7722,03 9762 7722,0418 514 536,wallace.kylie@telstra.com,,4 Princess Court ,,MOOROOLBARK,3138,VIC,4 Princess Court ,,MOOROOLBARK,3138,VIC,0,1,.NA,.NA,IRECON,0,1,11,9999-12-31 00:00:00.000,2,NULL,,winBeatDevLocal,0,2011-09-01 15:29:00.703,0
691,,CC61191E-47BD-46E2-A9A0-292A617A0912,REIN  MULLER,REIN MULLER,74001161259,02 44744405,,0409672798,astrid.v.3@hotmail.com,,28 Brown Close,,MORUYA HEADS,2537,NSW,28 Brown Close,,MORUYA HEADS,2537,NSW,0,1,.NA,.NA,IRECON,0,2,2,2011-09-05 00:00:00.000,1,1991-01-01 00:00:00.000,,winBeatDevLocal,0,2011-09-05 11:43:39.020,0
692,,1028052B-5025-466E-B172-DD39724C138D,A.G. FOSTER CONSTRUCTIONS PTY. LTD.,A G FOSTER CONSTRUCTIONS PTY LTD,86003979799,02 94201205,02 94201205,0407 261 581,agfoster@ozemail.com.au,,187 Burns Bay Road,,LANE COVE,2066,NSW,187 Burns Bay Road,,LANE COVE,2066,NSW,0,1,.NA,.NA,IRECON,0,4,2,2011-09-08 00:00:00.000,1,1991-01-01 00:00:00.000,,winBeatDevLocal,0,2011-09-08 11:31:55.730,0
693,,D83383A0-291E-4CBF-A525-8D01A928D1D4,Heath Tilley,,,0405006012,,0405006012,hjtilley@gmail.com,,7 Noon Street,,CLIFTON HILL,3068,VIC,7 Noon Street,,CLIFTON HILL,3068,VIC,0,1,.NA,.NA,IRECON,0,1,9,9999-12-31 00:00:00.000,2,NULL,,winBeatDevLocal,0,2011-09-12 11:11:19.847,0
694,,A338220E-A529-4502-89F6-A902C837AB2E,John Roach,,,03 9775 4227,03 9775 4227,03 9775 4227 ,john.roach@iinet.net.au,,18 Thomas Close ,,MOUNT ELIZA,3930,VIC,18 Thomas Close ,,MOUNT ELIZA,3930,VIC,0,1,.NA,.NA,IRECON,0,1,9,9999-12-31 00:00:00.000,2,NULL,,winBeatDevLocal,0,2011-09-19 16:52:15.503,0
695,,E2B6C921-E63A-4B46-A1B8-CD70BF0AD01E,Margaret Owen,,,0410 657 048,,0410 657 048,margaret.j.owen@bigpond.com,,37 Greenwich Road,,GREENWICH,2065,NSW,37 Greenwich Road,,GREENWICH,2065,NSW,0,1,.NA,.NA,IRECON,0,1,2,9999-12-31 00:00:00.000,2,NULL,,winBeatDevLocal,0,2011-09-22 11:56:13.343,0
696,,84E15271-9BC3-40FD-AA2D-2A52372102E5,Gregory John Middleton,,,0407 997 977,0407 997 977,0407 997 977,gregboat@gmail.com,,37 Heathcliff Crescent,,BALGOWLAH HEIGHTS,2093,NSW,37 Heathcliff Crescent,,BALGOWLAH HEIGHTS,2093,NSW,0,1,.NA,.NA,IRECON,0,1,9,9999-12-31 00:00:00.000,2,NULL,,winBeatDevLocal,0,2011-09-23 17:02:27.917,0
697,,A59C2D88-955A-4C72-AC03-CF42903227D4,Chris & Kate Munro,,,0412 008 525,0412 008 525,0412 008 525,chris.munro@freehills.com,,32 Hardiman Street,,KENSINGTON,3031,VIC,32 Hardiman Street,,KENSINGTON,3031,VIC,0,1,.NA,.NA,IRECON,0,1,9,9999-12-31 00:00:00.000,2,NULL,,winBeatDevLocal,0,2011-09-27 13:20:39.840,0
698,,943D4A64-AB9C-4030-9343-8539A1B268F8,Andre Di Mingo,,,0412 188 007,,0412 188 007,adimingo@hotmail.com,,4 Karina Lane,,VERMONT SOUTH,3133,VIC,4 Karina Lane,,VERMONT SOUTH,3133,VIC,0,1,.NA,.NA,IRECON,0,1,9,9999-12-31 00:00:00.000,2,NULL,,winBeatDevLocal,0,2011-10-05 10:04:39.887,0
699,,4BBFAE08-1F82-4E13-B9A3-86A5828A34B2,Luke Waites,,,0246779937,,0435458518,mwaites@thiess-services.com.au,,55 Stratford Road,,TAHMOOR,2573,NSW,55 Stratford Road,,TAHMOOR,2573,NSW,0,1,.NA,.NA,IRECON,0,1,9,9999-12-31 00:00:00.000,2,NULL,,winBeatDevLocal,0,2011-10-05 12:09:46.473,0
700,,6790DCF2-ADBA-41DA-9375-C3C223628D11,Troy Paschini,,,0410 454 114,0410 454 114,0410 454 114,h_st_john@yahoo.com,,PO BOX 1730,,DOUBLE BAY,2028,NSW,PO BOX 1730,,DOUBLE BAY,2028,NSW,0,1,.NA,.NA,IRECON,0,1,2,9999-12-31 00:00:00.000,2,NULL,,winBeatDevLocal,0,2011-10-11 13:12:43.010,0
701,,64D029C2-88F8-4C7A-8E3F-219839F046CD,Constantine Pattey,,,0434 411 969,,0434 411 969,cpattey@gmail.com,,1/160 Picnic Point Road,,PICNIC POINT,2213,NSW,1/160 Picnic Point Road,,PICNIC POINT,2213,NSW,0,1,.NA,.NA,IRECON,0,1,9,9999-12-31 00:00:00.000,2,NULL,,winBeatDevLocal,0,2011-10-14 15:25:40.210,0
702,,9304C085-7137-437D-8979-EDC91D2600CF,TRAIKUNA PTY LTD,TRAIKUNA PTY LTD,16002860746,02 9629 9100,,0414463339,traikuna@hotmail.com,,22 Hannah Avenue,,KELLYVILLE,2155,NSW,PO Box 269,,KELLYVILLE,2155,NSW,0,1,.NA,.NA,IRECON,0,4,2,2016-01-27 00:00:00.000,1,2004-01-01 00:00:00.000,,winBeatDevLocal,0,2011-10-24 15:05:12.070,0
703,,59D8755C-8300-4123-ACBD-113C5CA0302F,Ilija Uzelac,,,0404400449,,0404400449,dejan@live.com.au,,12/12 Crosio Place,,BONNYRIGG,2177,NSW,12/12 Crosio Place,,BONNYRIGG,2177,NSW,0,1,.NA,.NA,IRECON,0,1,9,9999-12-31 00:00:00.000,2,NULL,,winBeatDevLocal,0,2011-10-25 13:27:07.903,0
704,,34371EF7-9CB8-412D-8786-5E958ECD1954,Mei Hung Lau,,,0413088668,,0413088668,racm@jinesis.com.au,,7 Richmond Crescent,,CECIL HILLS,2171,NSW,7 Richmond Crescent,,CECIL HILLS,2171,NSW,0,1,.NA,.NA,IRECON,0,1,9,9999-12-31 00:00:00.000,2,NULL,,winBeatDevLocal,0,2011-10-31 09:08:03.720,0
705,,B701C4FF-61DF-474F-B5FF-D083F96985D0,PRECISION DEVELOPMENTS PTY LTD,,33152036023,0408 585 994,,0408 585 994,info@precisionconstruction.com.au,,31 Ulm Street ,,ERMINGTON,2115,NSW,PO Box 218,,ERMINGTON,2115,NSW,0,1,.NA,.NA,IRECON,0,4,2,2011-11-03 00:00:00.000,1,2011-01-01 00:00:00.000,Previously operating as sole trader - new license acquired in company name this year,winBeatDevLocal,0,2011-11-03 09:01:05.290,0
706,,A7C356CC-C9CC-4CC5-A1CD-1E52CB0892FB,Nikolce Petrovski,,,0423 646 726,0423 646 726,0423 646 726,info@iconickhomes.com.au,,14 Parfrey Ave ,,LALOR,3075,VIC,14 Parfrey Ave ,,LALOR,3075,VIC,0,1,.NA,.NA,IRECON,0,1,2,9999-12-31 00:00:00.000,2,NULL,,winBeatDevLocal,0,2011-11-04 15:14:08.467,0
707,,D8D66CFC-7244-44CA-930C-ED441AA45CC6,Greg Shepherd,,,08 91685672,,08 91685672,shepdude552000@yahoo.com.au,,TBA,TBA,HALLS CREEK,6770,WA,PO Box 324 ,,HALLS CREEK,6770,WA,0,0,.NA,.NA,IRECON,0,1,9,9999-12-31 00:00:00.000,2,NULL,,winBeatDevLocal,0,2011-11-18 12:14:13.170,0
708,,717E4DD2-09B5-4C4F-905C-8920137D1205,William Edmonds ,,,02 9988 3142,02 9988 3142,0408 442 013,cheryl@theindividualwig.com.au,,PO BOX 251,,ST IVES,2075,NSW,PO BOX 251,,ST IVES,2075,NSW,0,1,.NA,.NA,IRECON,0,1,9,9999-12-31 00:00:00.000,2,NULL,,winBeatDevLocal,0,2011-11-18 13:53:25.053,0
709,,AEF7E69B-5350-43BC-97A7-2743BF890E46,Darren White,,,0412126512,,0412126512,darren@baseplate.com.au,,61 Elphinstone Street,,WEST FOOTSCRAY,3012,VIC,61 Elphinstone Street,,WEST FOOTSCRAY,3012,VIC,0,0,.NA,.NA,IRECON,0,1,2,9999-12-31 00:00:00.000,2,NULL,,winBeatDevLocal,0,2011-11-21 09:15:07.690,0
710,,D4EE63C6-EAB0-4134-8C6A-A40F22F5AC13,Paul Stanley,,,TBA ,TBA ,TBA ,paulstanley@live.com.au,,TBA ,,MELBOURNE,3000,VIC,TBA ,,MELBOURNE,3000,VIC,0,0,.NA,.NA,IRECON,0,1,2,9999-12-31 00:00:00.000,2,NULL,,winBeatDevLocal,0,2011-11-24 08:57:19.517,0
711,,34A6417A-A45E-406C-B690-2DDB283B5D4C,Kirsty Hardt (nee Nicholls) and Asger Hardt,,,0438 123 184,,0438 123 184,kir.asger@bigpond.com.au,,626 Edward Street,,ELSTERNWICK,3185,VIC,626 Edward Street,,ELSTERNWICK,3185,VIC,0,1,.NA,.NA,IRECON,0,1,9,9999-12-31 00:00:00.000,2,NULL,,winBeatDevLocal,0,2011-11-25 12:57:36.290,0
712,,A9A7E51A-5927-407B-8C3A-BEC528617040,Peter Drysdale McColl,,,02 4295 4621,,0407 011 846,winstondude@bigpond.com,,11 Lavis Drive,,MOUNT WARRIGAL,2528,NSW,11 Lavis Drive,,MOUNT WARRIGAL,2528,NSW,0,1,.NA,.NA,IRECON,0,1,9,9999-12-31 00:00:00.000,2,NULL,,winBeatDevLocal,0,2011-11-25 13:09:52.760,0
713,,27570948-6E39-400E-865E-AF84F0E9FFAE,Alan Armiger,,,02 9928 6800,02 9928 6800,0412 321 072,a.armiger@ndy.com,,16 Lee Road ,,BEACON HILL,2100,NSW,16 Lee Road ,,BEACON HILL,2100,NSW,0,1,.NA,.NA,IRECON,0,1,9,9999-12-31 00:00:00.000,2,NULL,,winBeatDevLocal,0,2011-11-29 10:11:00.947,0
714,,A3419659-B7B7-43C1-91C4-DF3C799EB52D,Mr Victor & Sharon Benton & Lee Allen,,,0408 394 443,0408 394 443,0408 394 443,tombenton1@gmail.com,,44 Murchison street ,,CARLTON,3053,VIC,44 Murchison street ,,CARLTON,3053,VIC,0,1,.NA,.NA,IRECON,0,1,2,9999-12-31 00:00:00.000,2,NULL,,winBeatDevLocal,0,2011-12-07 11:00:52.007,0
715,,B55B925E-C8A9-41A3-83B5-116E48784A69,J Turner & P Murphy,,,03 9796 6453,,0425 786 887,murphyslaww@hotmail.com,,42 Tangerine Drive,,NARRE WARREN SOUTH,3805,VIC,42 Tangerine Drive,,NARRE WARREN SOUTH,3805,VIC,0,0,.NA,.NA,IRECON,0,1,9,9999-12-31 00:00:00.000,2,NULL,,winBeatDevLocal,0,2011-12-13 11:49:21.790,0
716,,035C01D2-832A-413C-B84E-73193CDA2845,Luigi Mollica,,,0418238830,,0418238830,lui.mollica@clipsal.com.au,,16 Churchill Street,,BARDWELL PARK,2207,NSW,16 Churchill Street,,BARDWELL PARK,2207,NSW,0,0,.NA,.NA,IRECON,0,1,2,9999-12-31 00:00:00.000,2,NULL,,winBeatDevLocal,0,2011-12-19 10:14:29.780,0
717,,8421F49F-2E9D-42B3-88ED-0C932D814FDE,Onur Nancarrow,,,0402 087 317,,0402087317,onur@hyperlink.com.au,,35 Pinehills Drive,,GREENSBOROUGH,3088,VIC,35 Pinehills Drive,,GREENSBOROUGH,3088,VIC,0,0,.NA,.NA,IRECON,0,1,9,9999-12-31 00:00:00.000,2,NULL,,winBeatDevLocal,0,2012-01-09 08:41:37.250,0
718,,FBC997AB-47ED-4F1B-ADFF-DA056C6AB4F7,Rodney Toovey & Tricia Toovey,,,0418 486 349,,0418 486 349,trish.toovey@bigpond.com,,80 Spencer Street,,MORUYA,2537,NSW,80 Spencer Street,,MORUYA,2537,NSW,0,1,.NA,.NA,IRECON,0,1,2,9999-12-31 00:00:00.000,2,NULL,,winBeatDevLocal,0,2012-01-09 08:57:05.907,0
719,,008E38A2-359C-42DD-8D2F-ECBA62420DDA,ARTHUR THOMAS GEORGE,HAMMER CONSTRUCTIONS,27375079130,0418631910,,0418631910,rvardy@irecon.com.au,,154 Ridgeway Road,,QUEANBEYAN,2620,NSW,PO Box 1083,,QUEANBEYAN,2620,NSW,0,1,.NA,.NA,ALLINSURE,0,2,2,2012-01-09 00:00:00.000,1,1989-01-01 00:00:00.000,,winBeatDevLocal,0,2012-01-09 10:00:23.570,0
720,,3F226B90-F377-4D55-96EF-E5E879F21DA6,ADMARK CONSTRUCTIONS PTY. LIMITED,,95002932354,02 46476999,02 46476998,0425347391,vivienne@admarkconstructions.com.au,,1 Easton Avenue,,SPRING FARM,2570,NSW,1 Easton Avenue,,SPRING FARM,2570,NSW,0,1,.NA,.NA,IRECON,0,4,2,2012-01-11 00:00:00.000,1,1991-01-01 00:00:00.000,,winBeatDevLocal,0,2012-01-11 11:38:02.683,0
721,,F9F20B38-79AD-4EBC-801A-2451AEAC943D,Tommy Cooper,,,0420 811 820,0420 811 820,0420 811 820,tommycooper1@hotmail.com,,23 Holstein Court ,,OAKFORD,6121,WA,23 Holstein Court ,,OAKFORD,6121,WA,0,1,.NA,.NA,IRECON,0,1,9,9999-12-31 00:00:00.000,2,NULL,,winBeatDevLocal,0,2012-01-12 09:15:17.027,0
722,,71D57372-C9DA-4C37-A3AD-56E8BBF36EB1,Dolores Bernardinatti,,,0429 357 611,,0429 357 611,c.bernardinatti@uws.edu.au,,21 Coppabella Crescent,,BRADBURY,2560,NSW,21 Coppabella Crescent,,BRADBURY,2560,NSW,0,1,.NA,.NA,IRECON,0,1,9,9999-12-31 00:00:00.000,2,NULL,,winBeatDevLocal,0,2012-01-19 14:42:45.723,0
723,,35CAFE62-BDEA-4CA7-B02F-C636802DD7B7,Nick Lukas,,,0417 306 178,0417 306 178,0417 306 178,nick@architecton.com.au,,802/70 Lorimar Street ,,DOCKLANDS,3008,VIC,802/70 Lorimar Street ,,DOCKLANDS,3008,VIC,0,1,.NA,.NA,IRECON,0,1,2,9999-12-31 00:00:00.000,2,NULL,,winBeatDevLocal,0,2012-02-08 13:04:49.730,0
724,,0D3E4547-415B-42D5-A3BD-1FC24093843F,Nick Karahalios,,,02 8580 0069,,0434 335 767 ,lconnolly@irecon.com.au,,24 Kangaroo Point Rd,,KANGAROO POINT,2224,NSW,PO Box CP 328,,CONDELL PARK,2200,NSW,0,0,.NA,.NA,IRECON,0,1,2,9999-12-31 00:00:00.000,2,NULL,,winBeatDevLocal,0,2012-03-09 10:10:40.017,0
725,,A11E2737-50C5-4D60-B9AC-67DB5C7239B0,The trustee for Power Family trust,Power Built Pty Ltd,82497547203,0246580408,,0412475987,powerbuilt99@gmail.com,,102A Argyle Street,,CAMDEN,2570,NSW,P.O. Box 428,,CAMDEN,2570,NSW,0,1,.NA,.NA,IRECON,0,5,2,2012-03-16 00:00:00.000,1,2012-01-01 00:00:00.000,Pereviously operated as sole trader under individual licence,winBeatDevLocal,0,2012-03-16 09:55:19.467,0
726,,24913F89-A0D5-4351-8A48-8D28C7FC98B6,Wilfred Hornman,,,0146149967,,0416149967,roshornman@yahoo.com.au,,PO Box 169,,NARELLAN,2567,NSW,PO Box 169,,NARELLAN,2567,NSW,0,1,.NA,.NA,IRECON,0,1,2,9999-12-31 00:00:00.000,2,NULL,,winBeatDevLocal,0,2012-03-16 13:25:23.867,0
727,,FE3905F7-4DC8-4B11-9CEB-15563F3C5382,Craig Daniel Bucello,,,0414486515,,0414486515,3playconstruction@gmail.com,,39 Cander Crescent,,HOLDER,2611,ACT,39 Cander Crescent,,HOLDER,2611,ACT,0,0,.NA,.NA,ALLINSURE,0,1,2,9999-12-31 00:00:00.000,1,2009-01-01 00:00:00.000,Operating in ACT in company 3 Play Constructions P/L,winBeatDevLocal,0,2012-03-20 09:35:45.687,0
728,,A2F0A37B-4B7F-4AFD-8F70-6A78F8DB3BA3,Craig Bucello,,,0414486515,,0414486515,3playconstruction@gmail.com,,39 Calder Street,,HOLDER,2611,ACT,39 Calder Street,,HOLDER,2611,ACT,0,0,.NA,.NA,ALLINSURE,0,1,2,9999-12-31 00:00:00.000,0,NULL,,winBeatDevLocal,0,2012-03-21 09:31:23.507,0
729,,85218FD6-4B4B-48F0-9ED9-FC83B97D6EB4,CRAIG  BUCELLO,,89178308743,0414486515,,0414486515,3playconstruction@gmail.com,,39 Calder Crescent,,HOLDER,2611,ACT,39 Calder Crescent,,HOLDER,2611,ACT,0,1,.NA,.NA,ALLINSURE,0,2,2,2012-03-21 00:00:00.000,1,2009-01-01 00:00:00.000,NSW trading as sole trader operates in ACT under compnay 
3 Play Constructions Pty Ltd ,winBeatDevLocal,0,2012-03-21 09:34:02.707,0
730,,35AE5A43-4596-49F5-84C4-120EB0B90562,Dale Murray,,,0412121929,,0412121929,dmworking247@gmail.com,,4 Cooper Avenue,,WOONONA,2517,NSW,4 Cooper Avenue,,WOONONA,2517,NSW,0,1,.NA,.NA,IRECON,0,1,9,9999-12-31 00:00:00.000,2,NULL,,winBeatDevLocal,0,2012-04-13 16:22:16.523,0
731,,2ABB1A31-AC97-4095-8505-23E62269C8D6,Carmine Gesualdo,,,0404398964,,0404398964,carmine.gesualdo@bigpond.com,,6 Sewell Court,,NORANDA,6062,WA,6 Sewell Court,,NORANDA,6062,WA,0,1,.NA,.NA,IRECON,0,1,9,9999-12-31 00:00:00.000,2,NULL,,winBeatDevLocal,0,2012-05-11 17:11:43.820,0
732,,071BA1DF-5763-4489-8EF6-A7578833FDE6,Mitra Idelkhani,,,0423 845 494,,0423 845 494,mitraidelkhani@hotmail.com,,7 Finch Place,,CASTLE HILL,2154,NSW,7 Finch Place,,CASTLE HILL,2154,NSW,0,1,.NA,.NA,IRECON,0,1,9,9999-12-31 00:00:00.000,2,NULL,,winBeatDevLocal,0,2012-06-05 12:03:17.010,0
733,,8FEA70F6-56BE-4561-B5A4-5C7E8CAF7891,Adam Brian Williamson & Emma Louise Campbell,,,0433 167 225,,0433 167 225,ewilliamson@rdns.com.au,,13 Grigg Avenue,,VERMONT,3133,VIC,13 Grigg Avenue,,VERMONT,3133,VIC,0,1,.NA,.NA,IRECON,0,1,9,9999-12-31 00:00:00.000,2,NULL,,winBeatDevLocal,0,2012-06-15 11:47:38.277,0
734,,F8AC89BA-47F7-437B-9EC2-E60CFAA7583A,Ginoska,,,0421058307,,0421058307,klim.malukoska@bigpond.com,,2 Irene Court,,DIAMOND CREEK,3089,VIC,2 Irene Court,,DIAMOND CREEK,3089,VIC,0,0,.NA,.NA,IRECON,0,1,9,9999-12-31 00:00:00.000,2,NULL,,winBeatDevLocal,0,2012-06-18 09:36:29.127,0
735,,88F95D51-DF9F-42BE-980D-8D6837E40DEE,The trustee for PAUL & LEONIE MERHEB FAMILY TRUST,MERDEL BUILDING RENOVATIONS,35421305449,0434219944,02 96146368,0434219944,merdelbr@tpg.com.au,,8 Russell Avenue,,WINSTON HILLS,2153,NSW,8 Russell Avenue,,WINSTON HILLS,2153,NSW,0,1,.NA,.NA,IRECON,0,5,2,2012-07-09 00:00:00.000,1,2012-01-01 00:00:00.000,Previoulsy sole trader in NSW 1995,winBeatDevLocal,0,2012-07-09 12:50:37.383,0
736,,1B5C49D5-389D-47C6-B25A-C55C134E843F,Angela & Russell Reichstein,,,0432457799,,0432457799,angandruss@iprimus.com.au,,1 Iris Court,,GOWANBRAE,3043,VIC,1 Iris Court,,GOWANBRAE,3043,VIC,0,0,.NA,.NA,IRECON,0,1,2,9999-12-31 00:00:00.000,2,NULL,,winBeatDevLocal,0,2012-07-09 13:10:23.323,0
737,,438A1967-BE0D-431D-B2BC-047A80EDDBC3,Gavin Lyon,,,0415604852,,0415604852,gavlyon@yahoo.com.au,,3 Fairybell Road,,MOUNT VICTORIA,2786,NSW,3 Fairybell Road,,MOUNT VICTORIA,2786,NSW,0,0,.NA,.NA,IRECON,0,1,9,9999-12-31 00:00:00.000,2,NULL,,winBeatDevLocal,0,2012-07-17 10:40:11.057,0
738,,60DDE9D0-15ED-4C32-B350-43D351A2399E,DJH POOLS & SPAS PTY LTD,,59118637933,62623354,,0410679984,adrian@Lpact.net.au,,1A - 39 Grimwade Street,,GUNGAHLIN,2912,ACT,1A - 39 Grimwade Street,,GUNGAHLIN,2912,ACT,0,1,.NA,.NA,ALLINSURE,0,4,2,2012-07-18 00:00:00.000,1,2006-01-01 00:00:00.000,,winBeatDevLocal,0,2012-07-18 15:51:59.500,0
739,,5080A215-4C94-4017-B0E3-F92E83648E66,Michael Glover,,,0439595143,,0439595143,mglover@hpww.catholic.edu.au,,6 Raleigh Place,,WAGGA WAGGA,2650,NSW,6 Raleigh Place,,WAGGA WAGGA,2650,NSW,0,0,.NA,.NA,IRECON,0,1,9,9999-12-31 00:00:00.000,2,NULL,,winBeatDevLocal,0,2012-07-23 13:25:45.500,0
740,,CE34F0EF-6872-468A-B166-05013BCEB4AA,Mariela Fadel,,,02 9327 6633,,02 9327 6633, Natalie@onsitegroup.com.au,,PO Box 1175,,EDGECLIFF,2027,NSW,PO Box 1175,,EDGECLIFF,2027,NSW,0,1,.NA,.NA,IRECON,0,1,9,9999-12-31 00:00:00.000,2,NULL,,winBeatDevLocal,0,2012-07-23 14:19:32.593,0
741,,BD0A70B4-CD8B-45F3-8B8E-5463F24F0858,Richard Thompson,,,0299403669,,0424242355,richard-thompson@hotmail.com,,31 Brisbane Avenue,,MOUNT KURING-GAI,2080,NSW,31 Brisbane Avenue,,MOUNT KURING-GAI,2080,NSW,0,1,.NA,.NA,IRECON,0,1,9,9999-12-31 00:00:00.000,2,NULL,,winBeatDevLocal,0,2012-07-30 13:20:00.757,0
742,,68D9719A-9D19-49A3-9ED2-FD29CD4A5AD4,Evelina Tabaka,,,0421761166,,0421761166,evelinat@ventureholidays.com.au,,316 Pimpala Road,,WOODCROFT,5162,SA,316 Pimpala Road,,WOODCROFT,5162,SA,0,0,.NA,.NA,IRECON,0,1,9,9999-12-31 00:00:00.000,2,NULL,,winBeatDevLocal,0,2012-08-15 14:23:03.090,0
743,,329167A9-3F08-477A-ABEE-0B600340F577,Valley Patios & Decks Pty Ltd,,87156420423,1300668235,,0401091648,admin@apollopatiosdecks.com.au,,Unit 2, 33 Shipley Drive,,RUTHERFORD,2320,NSW,PO Box 128,,RUTHERFORD,2320,NSW,0,1,.NA,.NA,IRECON,0,4,9,2012-08-22 00:00:00.000,1,2012-01-01 00:00:00.000,Refer to application,winBeatDevLocal,0,2012-08-22 14:07:55.580,0
744,,F0EA56C4-DC8E-4256-89E4-59F9AE532367,James Moncrieff,,,0409214719,,0409214719,jd.moncrieff@hotmail.com,,57 Avondale Road,,COORANBONG,2265,NSW,57 Avondale Road,,COORANBONG,2265,NSW,0,0,.NA,.NA,IRECON,0,1,9,9999-12-31 00:00:00.000,2,NULL,,winBeatDevLocal,0,2012-09-03 09:36:26.150,0
745,,3B37C127-F032-422F-B2A2-B422193F3A4B,Paul Titherington,,,0401 683 416,,0401 683 416,lconnolly@irecon.com.au,,13A Hollydene Crescent,,EDENSOR PARK,2176,NSW,13A Hollydene Crescent,,EDENSOR PARK,2176,NSW,0,1,.NA,.NA,IRECON,0,1,2,9999-12-31 00:00:00.000,2,NULL,,winBeatDevLocal,0,2012-09-17 10:31:15.260,0
746,,C8C9F9A4-358A-43CA-8CD0-DDCCC1539B84,RIVIERA POOLS PTY LTD,Riviera Pools Pty Ltd,49154315947,0246480643,0246480199,0401608454,admin@rivierapools.com.au,www.rivierapools.com.au,2/34 Bluett Drive,,SMEATON GRANGE,2567,NSW,P.O. Box 872,,NARELLAN,2567,NSW,0,1,.NA,.NA,IRECON,0,4,9,2012-09-20 00:00:00.000,1,2011-01-01 00:00:00.000,Refer application details,winBeatDevLocal,0,2012-09-20 12:09:42.870,0
747,,8D325B4C-BFFE-4202-A755-7007D37E8D0E,Dylan Scott,,,0457 839 649,,0457 839 649,emma_0099@hotmail.com,,125 Burragorang Road,,MOUNT HUNTER,2570,NSW,125 Burragorang Road,,MOUNT HUNTER,2570,NSW,0,1,.NA,.NA,IRECON,0,1,2,9999-12-31 00:00:00.000,2,NULL,,winBeatDevLocal,0,2012-10-08 08:46:58.450,0
748,,34A22302-CCEB-4A94-947B-46925136FB1D,Meisha & Marcus Staples,,,0435 526 240,,0478 579 549,simplybamboo@yahoo.com.au,,1 Scallion Street ,,AVELEY,6069,WA,1 Scallion Street ,,AVELEY,6069,WA,0,1,.NA,.NA,IRECON,0,1,2,9999-12-31 00:00:00.000,2,NULL,,winBeatDevLocal,0,2012-10-29 09:39:57.010,0
749,,2AE836E7-8A9A-4120-B97E-0AE7DDBCBA14,Bunya Solar Pty Ltd,Bunya Solar,75144538554,0244740911,N/A,0438120035,info@bunyasolar.com.au,www.bunyasolar.com.au,10 Page Street,,MORUYA,2537,NSW,PO Box 369,,MORUYA,2537,NSW,0,1,.NA,.NA,IRECON,0,4,9,2012-11-14 00:00:00.000,1,2012-01-01 00:00:00.000,Personal license only prior to company licencse,winBeatDevLocal,0,2012-11-14 11:23:52.243,0
750,,0F9FFBB4-1533-42ED-AA64-2B523BD308BF,ASHLEY  DYER,blue collar carpentry services,52704156327,0403359246,N/A,0403359246,ashtechgroup@gmail.com,,103 Munro Road,,QUEANBEYAN,2620,NSW,PO Box 638,,QUEANBEYAN,2620,NSW,0,1,.NA,.NA,ALLINSURE,0,2,2,2012-11-14 00:00:00.000,1,2011-01-01 00:00:00.000,Previously worked as carpenter and project manager. refer application and references for details.,winBeatDevLocal,0,2012-11-14 11:34:49.923,0
751,,5647D6A7-95B3-4352-A687-DB4D0627471F,Jahn McDonald Building Services Pty Ltd,,,0246480311,0246470026,0412921716,tanya@jmbs.com.au,www.jmbs.com.au,19/151 Hartley Road,,SMEATON GRANGE,2567,NSW,PO Box 487,,CAMDEN,2570,NSW,1,0,.NA,.NA,IRECON,0,1,2,9999-12-31 00:00:00.000,1,1997-01-01 00:00:00.000,,winBeatDevLocal,0,2012-12-12 12:52:47.127,0
752,,78D6B74F-068E-4FF8-8777-4AA6D07E7D02,JOHN MCDONALD BUILDING SERVICES PTY LTD,John McDonald Building Services Pty Ltd,94075728335,0246480311,0246470026,0412921716,chelsea@jmbs.com.au,www.jmbs.com.au,19/151 Hartley Road,,SMEATON GRANGE,2567,NSW,P.O. Box 487,,CAMDEN,2570,NSW,1,1,.NA,.NA,IRECON,0,4,2,2013-01-22 00:00:00.000,1,1997-01-01 00:00:00.000,,winBeatDevLocal,0,2012-12-12 13:34:46.487,0
753,,DFC33C08-A4A1-4F5B-A4CF-16CE03796A22,Four Hammers Pty Ltd,Four Hammers Pty Ltd,85119685380,0299440131,0299440131,0418609027,troy@fourhammers.com.au,www.fourhammers.com.au,15 Kirkstone Road,Wheeler Heights,WHEELER HEIGHTS,2097,NSW,15 Kirkstone Road,Wheeler Heights,WHEELER HEIGHTS,2097,NSW,0,1,.NA,.NA,ALLINSURE,0,4,2,2013-01-16 00:00:00.000,1,2010-01-01 00:00:00.000,Full house renovations and extensions,winBeatDevLocal,0,2013-01-15 08:26:07.170,0
754,,DCC86B0D-737E-4968-A895-70A5CAFEB55C,Todd Sims,,,0405319231,,0405319231,tbsims76@gmail.com,,5 Bell Street,,THIRLMERE,2572,NSW,5 Bell Street,,THIRLMERE,2572,NSW,0,1,.NA,.NA,IRECON,0,1,9,9999-12-31 00:00:00.000,2,NULL,,winBeatDevLocal,0,2013-01-24 09:34:58.853,0
755,,3FD76175-39B1-479D-90D3-1FE10ACF4AFF,Tome and Mary Tokic,,,0408638051,,0408638051,ttokic_sydney@hotmail.com,,6 Brereton Street,,GLADESVILLE,2111,NSW,24 Ridley Street,,TURNER,2612,ACT,0,0,.NA,.NA,IRECON,0,1,9,9999-12-31 00:00:00.000,0,NULL,,winBeatDevLocal,0,2013-02-11 12:23:35.357,0
756,,EF29A9A4-87F9-4843-B737-CEFB24976CE0,Tome Marko Tokic,,,0408 638 051,,0408 638 051,ttokic_sydney@hotmail.com,,6 Brereton Street,,GLADESVILLE,2111,NSW,6 Brereton Street,,GLADESVILLE,2111,NSW,0,1,.NA,.NA,IRECON,0,1,9,9999-12-31 00:00:00.000,2,NULL,,winBeatDevLocal,0,2013-02-12 12:16:54.200,0
757,,AC2BDDBB-83BE-482E-8A04-8A3CF261D42D,Joseph Akle,,,02 8705 3099,,0409 208 170,Joe@oasiscorporate.com.au,,5 Brighton Street,,PETERSHAM,2049,NSW,5 Brighton Street,,PETERSHAM,2049,NSW,0,1,.NA,.NA,IRECON,0,1,9,9999-12-31 00:00:00.000,2,NULL,,winBeatDevLocal,0,2013-02-25 12:24:02.140,0
758,,95C7FB7A-E174-4153-8FFB-8E8D03B7176A,Mxxxxan Builders Pty Ltd,,,0249815450,n/a,0419164779,meridianbuilders@bigpond.com,,16 Mistfly Street,,CHISHOLM,2322,NSW,P.O. Box 466,,SALAMANDER BAY,2317,NSW,0,0,.NA,.NA,IRECON,0,1,2,9999-12-31 00:00:00.000,1,2012-01-01 00:00:00.000,Subcontracted as a carpenter and was site superviser and head of maintenance for Holmwood Builders.,winBeatDevLocal,0,2013-02-26 08:28:28.197,0
759,,0C0D0171-F54A-416F-B607-01A25F6191CF,MERIDIAN BUILDERS PTY LTD,,49161541957,0249815450,,0419164779,meridianbuilders@bigpond.com,,16 Mistfly Street,,CHISHOLM,2322,NSW,P.O. Box 466,,SALAMANDER BAY,2317,NSW,0,1,.NA,.NA,IRECON,0,4,2,2013-02-26 00:00:00.000,1,2012-01-01 00:00:00.000,Sub contracted as a carpenter before being site supervisor and maintenance manager for Holmwood Builders,winBeatDevLocal,0,2013-02-26 09:19:31.343,0
760,,6FF831E0-6E8B-49D7-A047-3712BF8F86D1,Stylemaster Patios Kellyville Pty Ltd,,18126465594,1300761201,0247223790,0400041292,admin@stylemasterpatios.com.au,,unit 7, 37-47 Borec Road,,PENRITH,2750,NSW,unit 7, 37-47 Borec Road,,PENRITH,2750,NSW,0,1,.NA,.NA,IRECON,0,4,2,2013-03-07 00:00:00.000,1,2007-01-01 00:00:00.000,,winBeatDevLocal,0,2013-03-07 13:42:26.790,0
761,,1459E8B7-CDF2-4294-8BF3-88A357236DFB,Sean Flanery,,,0420711264,,0420711264,flanery.sean@gmail.com,,351/6 Cowper Wharf Road,,WOOLLOOMOOLOO,2011,NSW,351/6 Cowper Wharf Road,,WOOLLOOMOOLOO,2011,NSW,0,0,.NA,.NA,IRECON,0,1,9,9999-12-31 00:00:00.000,2,NULL,,winBeatDevLocal,0,2013-03-11 08:50:45.583,0
762,,FD043C64-1BA6-4A1E-BC9F-4DF04528AB13,Robert Severino,,,0421 865 830,,0421 865 830,robert@snconstructions.com.au,,5 Edward Street,,OATLEY,2223,NSW,5 Edward Street,,OATLEY,2223,NSW,0,1,.NA,.NA,IRECON,0,1,9,9999-12-31 00:00:00.000,2,NULL,,winBeatDevLocal,0,2013-03-12 12:09:08.753,0
763,,52495EC7-89C5-4283-ABB1-288A736B43A0,Scott Garry Bensley T/As Bensley Constructions,,,0413007305,N/A,0413007305,scott.bensley@yahoo.com.au,N/A,56 Gladstone Street,,NEWPORT,2106,NSW,56 Gladstone Street,,NEWPORT,2106,NSW,1,1,.NA,.NA,IRECON,0,1,9,9999-12-31 00:00:00.000,1,2013-01-01 00:00:00.000,Previously Site manager/supervisor for Southern Cross Constructions including commercial and residential works.,winBeatDevLocal,0,2013-05-13 10:38:15.410,0
764,,DDB9CC8E-2105-4925-9CA9-AC5EE67E57BB,Scott Garry Bensley,Bensley Constructions P/L,68 697 494 560,0413007305,N/A,0413007305,scott.bensley@yahoo.com.au,N/A,56 Gladstone Street,,NEWPORT,2106,NSW,56 Gladstone Street,,NEWPORT,2106,NSW,0,1,.NA,.NA,IRECON,0,2,9,2013-05-16 00:00:00.000,1,2013-01-01 00:00:00.000,Site manager/Supervisor for 9 years for Southern Cross Constructions including all types of Commercial and residential work,winBeatDevLocal,0,2013-05-13 10:59:04.203,0
765,,222F3E97-4DDA-45F0-AD0E-B62206E36902,ECSPRO PTY LTD,ECSPRO PTY LTD,47091944713,0246461988,0246483838,0414735128,rvardy@irecon.com.au,,Suite 9, 38 Exchange Parade,,NARELLAN,2567,NSW,Suite 9, 38 Exchange Parade,,NARELLAN,2567,NSW,0,1,.NA,.NA,IRECON,0,4,2,2013-05-29 00:00:00.000,1,2000-01-01 00:00:00.000,,winBeatDevLocal,0,2013-05-29 12:35:32.607,0
766,,F53EFA45-A42F-48EA-9B3F-FFBD215334DB,WATPAC CONSTRUCTION (NSW) PTY LTD,WATPAC NSW PTY LTD,20103211141,02 97641234,02 9761 1233,0457824701,nlinton@watpac.com.au,www.watpac.com.au,Level 5, 8 Australia Avenue,Sydney Olympic Park,HOMEBUSH BAY,2127,NSW,P.O. Box 7151,,SILVERWATER,1811,NSW,0,1,.NA,.NA,IRECON,0,4,2,2013-06-03 00:00:00.000,1,2002-01-01 00:00:00.000,,winBeatDevLocal,0,2013-06-03 10:53:51.263,0
767,,2878C01C-39CE-4423-9B17-E06FFD34C9C9,TURNKEY CREATIONS PTY LTD,Turnkey Decks,67155832732,1300979658,1300979657,0407237765,service@turnkeydecks.com.au,,10 Jarvis Place,,MACQUARIE,2614,ACT,10 Jarvis Place,,MACQUARIE,2614,ACT,0,1,.NA,.NA,ALLINSURE,0,4,2,2013-06-06 00:00:00.000,1,2009-01-01 00:00:00.000,Home extensions and renovations, erection of decks and pergolas,winBeatDevLocal,0,2013-06-06 13:17:15.107,0
768,,634F0796-707B-4776-B7B9-B589A487415B,Scott Garry Bensley,,,0413007305,N/A,0413007305,scott.bensley@yahoo.com.au,N/A,56 Gladstone Street,,NEWPORT,2106,NSW,56 Gladstone Street,,NEWPORT,2106,NSW,0,0,.NA,.NA,IRECON,0,1,2,9999-12-31 00:00:00.000,1,2013-01-01 00:00:00.000,Previously site manager/supervisor for Southern Cross Constructions. All types of commercial and residential works,winBeatDevLocal,0,2013-06-27 11:56:09.767,0
769,,37FD0A5C-0A44-4FCE-81B7-A2C34AC911BB,Natasha Thornton,,,0405186980,,0405186980,tasha.89@live.com.au,,4 Maclean Lane,,CAMDEN PARK,2570,NSW,4 Maclean Lane,,CAMDEN PARK,2570,NSW,0,0,.NA,.NA,IRECON,0,1,2,9999-12-31 00:00:00.000,2,NULL,,winBeatDevLocal,0,2013-07-02 10:34:43.630,0
770,,F6B3EC34-C94B-43AB-9F91-E32FE915C4ED,Michael Abolakian,,,0246470177,0246481576,0411228375,direland@irecon.com.au,,4 Hallstrom Close,,NORTHBRIDGE,2063,NSW,4 Hallstrom Close,,NORTHBRIDGE,2063,NSW,0,0,.NA,.NA,IRECON,0,1,2,9999-12-31 00:00:00.000,2,NULL,,winBeatDevLocal,0,2013-07-17 14:31:51.887,0
771,,0CBFC657-9266-4552-9FBA-38EA2D520068,Alan Small,,,0420 101 037,,0420 101 037,r.a.small@bigpond.com,,25-27 Neila Street,,WATTAMONDARA,2794,NSW,25-27 Neila Street,,WATTAMONDARA,2794,NSW,0,1,.NA,.NA,IRECON,0,1,9,9999-12-31 00:00:00.000,2,NULL,,winBeatDevLocal,0,2013-07-31 16:15:19.473,0
772,,170CBA17-47B2-4328-BFA9-ED25E6EF48D1,Hugh Wood,,,0431 192 801,,0406 486 225,charmainewood1@hotmail.com,,PO Box 147,,MULGOA,2745,NSW,PO Box 147,,MULGOA,2745,NSW,0,1,.NA,.NA,IRECON,0,1,9,9999-12-31 00:00:00.000,2,NULL,,winBeatDevLocal,0,2013-08-05 16:00:06.817,0
773,,DEB6CA53-F0E8-40D3-8570-9BAC27DB7B05,The Trustee for Johns Family Trust,Mick Johns Constructions Pty Ltd ,84523017251,0414961743,,0414961743,kfutschek@aapt.net.au,,116 Central Road,,AVALON,2107,NSW,116 Central Road,,AVALON,2107,NSW,0,1,.NA,.NA,IRECON,0,5,2,2013-08-06 00:00:00.000,1,2013-01-01 00:00:00.000,Residential renovations, additions and alterations,winBeatDevLocal,0,2013-08-06 12:03:17.723,0
774,B4AL2G85,C12B4317-0077-4F61-A2C7-5F07F53134F7,J Building Service Pty Limited,J Building Service Pty Limited,82130807822,0404476110,,0404476110,admin@jbuildingservice.com,,13 Kavanagh Street,,JERRABOMBERRA,2619,NSW,13 Kavanagh Street,,JERRABOMBERRA,2619,NSW,0,1,.NA,.NA,ALLINSURE,0,4,2,2013-08-14 00:00:00.000,1,2009-01-01 00:00:00.000,Operated for 10 years as a sole trader in building trade,winBeatDevLocal,1,2013-08-14 10:35:57.100,0
775,,95627090-0C07-40EF-AF61-40FF80365B69,The Trustee for The Ross Family Trust,Modcon Building Services Pty Ltd,73233240489,0412517366,,0412517366,andrew@modconbuilding.com.au,,99 Grover Avenue,,CROMER,2099,NSW,99 Grover Avenue,,CROMER,2099,NSW,0,1,.NA,.NA,IRECON,0,5,2,2013-08-22 00:00:00.000,1,2012-01-01 00:00:00.000,20 years experience - Residential Construction, New Homes, alterations and additions, concrete swimming pools,winBeatDevLocal,0,2013-08-22 08:48:23.813,0
776,,492395D9-4DB8-44F8-981B-C7D389528099,David Small,,,0408 877 030,,0408 877 030,dsmall@komatsu.com.au,,226 Mowbray Road,,ARTARMON,2064,NSW,226 Mowbray Road,,ARTARMON,2064,NSW,0,1,.NA,.NA,IRECON,0,1,9,9999-12-31 00:00:00.000,2,NULL,,winBeatDevLocal,0,2013-09-12 17:01:36.463,0
777,,15B5C76E-F3E6-4E1B-8FA4-E76D7FD673F1,Trang,,,0432685377,,0432685377,hatch_trang68@yahoo.com.au,,18 Samuel Street,,TEMPE,2044,NSW,18 Samuel Street,,TEMPE,2044,NSW,0,0,.NA,.NA,IRECON,0,1,2,9999-12-31 00:00:00.000,2,NULL,,winBeatDevLocal,0,2013-09-24 09:34:05.970,0
778,,B7274921-BADE-4D94-9F2E-E1403D5FF2E1,PRIMO (ACT) PTY LTD,,24096918026,0459209448,,0459209448,basileo.construction@gmail.com,,87 Hawkesbury Street,,FARRER,2607,ACT,P.O. Box 4272,,KINGSTON,2604,ACT,0,1,.NA,.NA,ALLINSURE,0,4,2,2013-09-24 00:00:00.000,1,2012-01-01 00:00:00.000,Residential Construction - demolition, renovations and extensions,winBeatDevLocal,0,2013-09-24 14:06:09.367,0
779,,72788990-088E-4330-9955-9176245CAEB1,Shennon McLeodsssss,,,0420439637,,0420439637,shanmcleod9@hotmail.com,,7 Newstead Road,,MORUYA HEADS,2537,NSW,7 Newstead Road,,MORUYA HEADS,2537,NSW,0,0,.NA,.NA,IRECON,0,1,2,9999-12-31 00:00:00.000,1,2013-01-01 00:00:00.000,Carpenter and Leading hand for Building and Joinery Company for 1 year. Contract Carpenter for 2 years ,winBeatDevLocal,0,2013-09-26 12:03:02.367,0
780,,391C76B8-7E10-4FD7-8C03-F55D0D8CDF63,SHANNON  MCLEOD,SHANNON MCLEOD,60463731300,0420439637,,0420439637,shanmcleod9@hotmail.com,,7 Newstead Road,,,MORUYA HEADS,2537,NSW,7 Newstead Road,,,MORUYA HEADS,2537,NSW,0,1,.NA,.NA,IRECON,0,2,2,2013-09-27 00:00:00.000,1,2013-01-01 00:00:00.000,December 2010 to February 2012 - Contract Carpenter
May 2012 to August 2013 - Carpenter / Leading Hand for Building and Joinery company,winBeatDevLocal,0,2013-09-27 09:58:01.537,0
781,,D6FC182E-C0AD-40CA-B848-6EDC763B4C41,MIROSLAV  RADIC,Miroslav Radic,90151885796,0411960223,,0411960223,miroslav@chasegroupact.com.au,,29 Zakhorou Crescent,,FORDE,2914,ACT,PO Box 749,,MITCHELL,2911,ACT,0,1,.NA,.NA,IRECON,0,2,2,2013-10-03 00:00:00.000,1,2012-01-01 00:00:00.000,Project Manager 2009,2010 New Houses and Terrace houses,winBeatDevLocal,0,2013-10-03 10:54:52.440,0
782,,ABD567C2-B0E4-4C0E-A037-B3181A953DF0,Lael Luxford,,,0457815733,,0457815733,laelandlaura@yahoo.com.au,,10 Lemon Street,,BALMORAL,2571,NSW,10 Lemon Street,,BALMORAL,2571,NSW,0,0,.NA,.NA,IRECON,0,1,2,9999-12-31 00:00:00.000,2,NULL,,winBeatDevLocal,0,2013-10-14 14:13:15.483,0
783,,43FD3088-B68F-47FB-B779-F27EE59A5938,Michael Anthony Gray,,,03 9705 0811,,03 9705 0811,michael.gray@bigpond.com,,6 Mahogany Avenue,,BERWICK,3806,VIC,6 Mahogany Avenue,,BERWICK,3806,VIC,0,1,.NA,.NA,IRECON,0,1,9,9999-12-31 00:00:00.000,2,NULL,,winBeatDevLocal,0,2013-10-15 14:40:48.557,0
784,,A386B2E8-3EA0-4D9C-AAEC-D48E2AA7AC52,HOWARDCONSTRUCT PTY LTD,,59161118734,0419249305,,0419249305,andrew@howardconstruct.com.au,,195 Alfred Street,,CROMER,2099,NSW,195 Alfred Street,,CROMER,2099,NSW,0,1,.NA,.NA,IRECON,0,4,2,2013-10-16 00:00:00.000,1,2012-01-01 00:00:00.000,Worked as a building supervisor for past year on single projects - new dwellings and renovations,winBeatDevLocal,0,2013-10-16 13:23:45.657,0
785,,DC47596C-43A1-4B25-B3B4-7906AE482AA6,Michael Vigorito,,,0413040970,,0413040970,rebecca.vigorito@hotmail.com,,49 Duncan Street,,BALGOWNIE,2519,NSW,,,,,,0,0,.NA,.NA,IRECON,0,1,9,9999-12-31 00:00:00.000,2,NULL,,winBeatDevLocal,0,2013-10-25 10:09:26.820,0
786,,451120BC-2722-46CF-A246-E29F0864B333,DCN DEVELOPMENTS PTY LIMITED,,47107310369,02 96420677,02 96420766,0418816454,ssaad@tpg.com.au,,139 Homebush Road,,STRATHFIELD,2135,NSW,139 Homebush Road,,STRATHFIELD,2135,NSW,0,1,.NA,.NA,IRECON,0,4,2,2013-11-08 00:00:00.000,1,2002-01-01 00:00:00.000,,winBeatDevLocal,0,2013-11-08 15:35:37.330,0
787,,3B4E232F-F9B8-41AD-BC00-B9DB7B89BF5B,ALPINE DESIGNER HOMES PTY LTD,ALPINE DESIGNER HOMES PTY LD,42102635405,1300720426,1300720426,0409681154,rvardy@irecon.com.au,,33/2 Chaplin Drive,,LANE COVE WEST,2066,NSW,33/2 Chaplin Drive,,LANE COVE WEST,2066,NSW,0,1,.NA,.NA,IRECON,0,4,2,2013-11-13 00:00:00.000,1,2002-01-01 00:00:00.000,,winBeatDevLocal,0,2013-11-13 13:33:53.357,0
788,,3D370F5C-530C-4A43-B4CE-845C0D245D88,BINAH BY DESIGN PTY LIMITED,,13131594486,02 94266900,02 8783 5199,0433213687,lconnolly@irecon.com.au,,14 Enterprise Circuit,,CASULA,2170,NSW,PO Box 314,,CASULA,2170,NSW,0,1,.NA,.NA,IRECON,0,4,2,2013-11-15 00:00:00.000,1,2008-01-01 00:00:00.000,Various commercial projects and high rise residential,winBeatDevLocal,0,2013-11-15 10:29:34.407,0
789,,C6BF9DE0-C559-4042-9386-6C4B805C2A4C,ELEMENT BUILDING PROJECTS PTY LTD,,37150620161,0261128280,,0410617830,info@elementbuilding.com.au,,10/26 Francis Forde Boulevarde,,FORDE,2914,ACT,PO Box 231,,GUNGAHLIN,2912,ACT,0,1,.NA,.NA,ALLINSURE,0,4,2,2013-11-25 00:00:00.000,1,2011-01-01 00:00:00.000,Project manager on multi unit project and single dwelling.,winBeatDevLocal,0,2013-11-25 09:53:51.073,0
790,,0B2B2E2D-1E39-4D11-80AE-73ADE42B0DEF,PAUL LEONARD THOMAS,,49589096511,0419475170,,0419475170,pauljulesthomas@bigpond.com,,31 Roper Place,,ROYALLA,2620,NSW,31 Roper Place,,ROYALLA,2620,NSW,0,0,.NA,.NA,ALLINSURE,0,2,2,2013-12-10 00:00:00.000,1,2012-01-01 00:00:00.000,Building new dwellings past year,winBeatDevLocal,0,2013-12-10 16:05:55.487,0
791,,5B577D52-7CF0-48AE-BF37-3D83BA3A5CE1,TESSEYMAN CONSTRUCTIONS PTY LTD,Signature Building & Carpentry,74163906401,0413887585,,0413887585,sales@signaturebuilding.com.au,,3/55 Balgowlah Road,,FAIRLIGHT,2094,NSW,P.O. Box 1222,,DEE WHY,2099,NSW,0,1,.NA,.NA,IRECON,0,4,2,2014-02-07 00:00:00.000,1,2013-01-01 00:00:00.000,Residential Alterations and Additions,winBeatDevLocal,0,2014-02-07 14:47:35.107,0
792,,8746EA77-8117-4AD7-9C53-3F6088FDD5E0,OXLEY & CAMPBELL PTY LIMITED,JOHN A OXLEY CONSTRUCTIONS,62082838819,0299390989,0299390939,0414562730,john.oxley@bigpond.com,,14 Crawford Place,,BEACON HILL,2100,NSW,P.O. Box 901,,MONA VALE,1660,NSW,0,1,.NA,.NA,IRECON,0,4,2,2014-02-10 00:00:00.000,1,1999-01-01 00:00:00.000,,winBeatDevLocal,0,2014-02-10 14:41:37.780,0
793,,483EACF5-0BFA-4E66-B426-DBA5B27C51B7,T&G VALLEY PTY LTD,,60166404879,1300552549,,0427938913,admin@apollopatiosnewcastle.com.au,,5/6 Torrens Avenue,,CARDIFF,2285,NSW,5/6 Torrens Avenue,,CARDIFF,2285,NSW,0,1,.NA,.NA,IRECON,0,4,2,2014-02-24 00:00:00.000,1,2013-01-01 00:00:00.000,Structural and Non-Structural installation of patio covers, decks, enclosures, carports,winBeatDevLocal,0,2014-02-24 14:03:46.707,0
794,,049FDA36-C81F-4291-ADEE-0B474FAA8BE1,Berrell Constructions Pty Ltd,,80142415923,0246551521,,0415363376,berrellconstructions@bigpond.com,,30 McCrae Drive,,CAMDEN SOUTH,2570,NSW,30 McCrae Drive,,CAMDEN SOUTH,2570,NSW,0,1,.NA,.NA,IRECON,0,4,2,2014-02-27 00:00:00.000,1,2010-01-01 00:00:00.000,New Single dwellings,winBeatDevLocal,0,2014-02-27 08:29:17.663,0
795,,7A4E5692-2F43-41FF-B64B-4290D4B91F2F,Tyecon Pty Ltd,Tyecon Pty Ltd,54153472765,0419 691 405,000000000 ,0419 691 405,tye@tyecon.com.au,,Energy Place,,DUBBO,2830,NSW,PO Box 4214,,DUBBO,2830,NSW,0,1,.NA,.NA,IRECON,0,4,2,2014-02-27 00:00:00.000,1,2011-01-01 00:00:00.000,Previously sole trader or employee,winBeatDevLocal,0,2014-02-27 14:03:02.613,0
796,,78333DA5-2D85-41ED-8A4D-3EEAD1660BC7,ROGER  KHAWAJA,BADGER EARTHWORKS,94299544042,02 88125929,02 88125929,0414360911,badgerearthwork@optusnet.com.au,,20 Saunders Road,,ERMINGTON,2115,NSW,20 Saunders Road,,ERMINGTON,2115,NSW,0,1,.NA,.NA,IRECON,0,2,2,2014-03-05 00:00:00.000,1,2004-01-01 00:00:00.000,,winBeatDevLocal,0,2014-03-05 09:00:13.193,0
797,,EA52A4C6-D8DC-49C5-8D89-2DE22B4A6E86,PETER CHARLES GRIFFIN,PETERGRIFFIN,94123649047,0266854416,,0438814234,pgriffin50@bigpond.com,,9 Hayter Street,,SUFFOLK PARK,2481,NSW,P.O. Box 152,,SUFFOLK PARK,2481,NSW,0,1,.NA,.NA,IRECON,0,2,2,2014-03-10 00:00:00.000,1,1985-01-01 00:00:00.000,,winBeatDevLocal,0,2014-03-10 09:49:16.157,0
798,,CDDD92B7-F298-4650-A0F9-140B28C72981,CHRIS  VLAHOS,SUBLIME COLOURS,99344040474,1300552348,,0401193843,sublimecolours@bigpond.com,,17 Edwin Street,,TEMPE,2044,NSW,17 Edwin Street,,TEMPE,2044,NSW,0,1,.NA,.NA,IRECON,0,2,2,2014-03-13 00:00:00.000,1,2005-01-01 00:00:00.000,,winBeatDevLocal,0,2014-03-13 12:17:36.230,0
799,,E59C2F2D-19EA-4D41-B379-6C1DC53717BF,B.G LYONS & B.W LYONS,New Horizon Homes,22735893780,0403737628,,0403737628,bly19089@bigpond.net.au,,3 Stella Place,,JERRABOMBERRA,2619,NSW,3 Stella Place,,JERRABOMBERRA,2619,NSW,0,1,.NA,.NA,ALLINSURE,0,3,2,2014-03-13 00:00:00.000,1,2014-01-01 00:00:00.000,Brendan - previously worked as sole trader in ACT Carpentry and Scaffolding
Barry - sole trader, plastering past 30 years,winBeatDevLocal,0,2014-03-13 15:10:39.990,0
800,,35E3075B-EC06-4430-9E25-CE0D62BB561F,P.BUILT CONSTRUCTIONS PTY. LTD.,,97164589404,0298753666,,0421999353,pat@pbuilt.com.au,,6 Wirruna Street,,WOONGARRAH,2259,NSW,6 Wirruna Street,,WOONGARRAH,2259,NSW,0,1,.NA,.NA,IRECON,0,4,2,2014-04-01 00:00:00.000,1,2013-01-01 00:00:00.000,Residential Alterations and Additions,winBeatDevLocal,0,2014-04-01 13:54:48.320,0
801,,B06D8996-81F9-41CC-8168-A3671977C9D0,PRIME DEMOLITION & EXCAVATION PTY LTD,,28143015025,0404 222 333,,0404 222 333,sam@primedemolition.com.au,,47 Union Road,,AUBURN,2144,NSW,PO Box 360,,ERMINGTON,1700,NSW,0,1,.NA,.NA,IRECON,2,4,2,2014-05-01 00:00:00.000,1,2008-01-01 00:00:00.000,,winBeatDevLocal,0,2014-05-01 14:13:20.437,0
802,,59201B03-BDB0-4C74-AEAA-6CF3F5BE8628,KONSTANTIN  KYSELOV,KTK International,93907005373,0404012325,,0404012325,evolvebad@gmail.com,,1 Wylarah Close,,GLEN ALPINE,2560,NSW,1 Wylarah Close,,GLEN ALPINE,2560,NSW,0,1,.NA,.NA,IRECON,0,2,2,2014-05-05 00:00:00.000,1,2014-01-01 00:00:00.000,Electrical Engineering and Construction,winBeatDevLocal,0,2014-05-05 16:35:29.677,0
803,,7E7DA6BF-5F3A-4BF9-8618-864CDB4A1DE5,OSAWOOD PTY. LIMITED,,61003857243,0294522280,0299480347,0428674422,graeme@osawood.com,,Unit 31, No.8 Tilley Lane,,FRENCHS FOREST,2086,NSW,Unit 31, No.8 Tilley Lane,,FRENCHS FOREST,2086,NSW,0,1,.NA,.NA,IRECON,0,4,2,2014-06-03 00:00:00.000,1,2000-01-01 00:00:00.000,,winBeatDevLocal,0,2014-06-03 10:23:59.203,0
804,,87D469F7-95AA-49A0-9758-A7D3CEF9EE35,TOTAL PROJECT CONTROL PTY LTD,,95156011835,02 99499470,,0416 204170,glenn@totalprojectcontrol.com.au,,87 Sydney Road,,MANLY,2095,NSW,87 Sydney Road,,MANLY,2095,NSW,0,1,.NA,.NA,IRECON,0,4,2,2014-07-03 00:00:00.000,1,2012-01-01 00:00:00.000,Project Manager for Reed Constructions,winBeatDevLocal,0,2014-07-03 16:29:55.323,0
805,,807B313A-8B38-4DAF-9DEA-0E38EB9C404D,Counterforce Pty Ltd,BUILT CONSULTANCY,98116839082,0419683679,,0419683679,julian@builtinfo.net,,50 Woy Woy Bay Road,,PHEGANS BAY,2256,NSW,50 Woy Woy Bay Road,,PHEGANS BAY,2256,NSW,0,1,.NA,.NA,IRECON,0,4,2,2014-07-17 00:00:00.000,1,2005-01-01 00:00:00.000,,winBeatDevLocal,0,2014-07-17 12:10:28.383,0
806,,2D011694-5476-499E-A459-1F6D2ECF7F83,ABC CONSTRUCTION NO 1 PTY LTD,,62166899458,0432025589,,0432025589,gberrey@abcconstruction.com.au,,Shed 5, 93 Burnside Road,,STAPYLTON,4207,QLD,Shed 5, 93 Burnside Road,,STAPYLTON,4207,QLD,0,1,.NA,.NA,IRECON,0,4,2,2014-07-17 00:00:00.000,1,2013-01-01 00:00:00.000,Construction of Houses,winBeatDevLocal,0,2014-07-17 16:35:33.440,0
807,,09C0D03F-6C97-4EE8-A1C5-AB576126337A,Ozz Projects Pty Ltd,The Trustee for Sparks Family Trust,37783595115,94600757,02 9460 0758,0413744930,cguardala@ozzprojects.com,,Suite 5, Ground Floor,41 McLaren Street,NORTH SYDNEY,2060,NSW,Suite 5, Ground Floor,41 McLaren Street,NORTH SYDNEY,2060,NSW,0,1,.NA,.NA,IRECON,0,5,2,2014-08-06 00:00:00.000,1,2013-01-01 00:00:00.000,Industrial Strip out of Warehouses,winBeatDevLocal,0,2014-08-06 15:43:52.640,0
808,,D3CF8417-C27C-4613-824E-26C7EA8470E9,LOVETT BUILDING COMPANY PTY. LIMITED,,46003556287,02 9999 2117,02 9997 8170,0414 255173,graeme@lovettbuilding.com.au,,29/14 Polo Avenue,,MONA VALE,2103,NSW,29/14 Polo Avenue,,MONA VALE,2103,NSW,0,1,.NA,.NA,IRECON,0,4,2,2014-08-14 00:00:00.000,1,1988-01-01 00:00:00.000,,winBeatDevLocal,0,2014-08-14 14:20:42.483,0
809,,9DB2D26B-F837-433E-AFF8-95432454553F,NICHOLAS JOHN DEACON,Deacon Constructions,70094183348,0264572556,,0412257650,deaconconstructions@gmail.com,,204 Cranky Flat Road,,CRACKENBACK,2627,NSW,P.O. Box 1013,,JINDABYNE,2627,NSW,0,1,.NA,.NA,IRECON,0,2,2,2014-08-29 00:00:00.000,1,2003-01-01 00:00:00.000,,winBeatDevLocal,0,2014-08-29 11:30:55.450,0
810,,8D732A60-61B4-478C-9651-F477D162B296,DAVID ROBERT THRIFT,Driftwood Joinery,20847737324,0414564874,,0414564874,david@driftwoodjoinery.com.au,,6/9a Pondoreso Parade,,WARRIEWOOD,2102,NSW,11 Lanai Place,,BEACON HILL,2100,NSW,0,1,.NA,.NA,IRECON,0,2,2,2014-08-29 00:00:00.000,1,2011-01-01 00:00:00.000,Kitchen and Bathroom Renovations, Kitchen & Joinery Manufacture and Installation,winBeatDevLocal,0,2014-08-29 14:41:52.550,0
811,,028C0BDC-7CB0-4809-802F-973168B2E3C8,BENN  CHAPPLE,BENN WILLIAM CHAPPLE,58436951907,0417287026,,0417287026,benn_chapple@internode.on.net,,9 Kittini Street,,KIRRAWEE,2232,NSW,9 Kittini Street,,KIRRAWEE,2232,NSW,0,0,.NA,.NA,IRECON,0,2,2,2014-09-01 00:00:00.000,1,2007-01-01 00:00:00.000,,winBeatDevLocal,0,2014-09-01 13:41:54.437,0
812,,5002F9AF-AE48-463C-81E3-87C6AC256F85,STEVEN BAIN CONSTRUCTIONS PTY. LTD.,,32061376476,02 99706729,,0412649462,sydnorth@greenhomesaustralia.com.au,,18 Wimbledon Avenue,,NORTH NARRABEEN,2101,NSW,18 Wimbledon Avenue,,NORTH NARRABEEN,2101,NSW,0,1,.NA,.NA,IRECON,0,4,2,2014-09-02 00:00:00.000,1,1993-01-01 00:00:00.000,,winBeatDevLocal,0,2014-09-02 09:51:11.920,0
813,,E3290098-69C9-452A-A7FD-F81885048A7D,CHRISTOPHER  BALL,MR CHRISTOPHER BALL,89510427097,0264943136,,0416049286,chrisandroxie16@bigpond.com,,441 Oaklands Road,,BALD HILLS,2549,NSW,441 Oaklands Road,,BALD HILLS,2549,NSW,0,1,.NA,.NA,IRECON,0,2,2,2014-09-09 00:00:00.000,1,2003-01-01 00:00:00.000,,winBeatDevLocal,0,2014-09-09 10:05:50.213,0
814,,EA77F047-6273-48B4-8D9A-5A634AB83E49,Dawe Design Carpentry Pty Ltd,,99141568818,0405157436,,0405157436,dawedesigncarpentry@gmail.com,,2A Heath Street,,MONA VALE,2103,NSW,2A Heath Street,,MONA VALE,2103,NSW,0,1,.NA,.NA,IRECON,0,4,2,2014-10-09 00:00:00.000,1,2013-01-01 00:00:00.000,Head Contractor and Project Manager on various renovations and additions.
Foreman / Supervisor on 4 new dwellings ,winBeatDevLocal,0,2014-10-09 14:53:07.653,0
815,3PJHCKGM,010DAE4B-03A2-4374-ABCA-FE0616FA6942,TLF Developments Pty Ltd,,33117654476,0755065000,0755065040,N/A,wendy@tlfdev.com.au,www.tlfdev.com.au,Level 2, 133 Wharf Street,,TWEED HEADS,2485,NSW,P.O. Box 1163,,TWEED HEADS,2485,NSW,0,1,.NA,.NA,IRECON,0,4,2,2014-10-20 00:00:00.000,1,2006-01-01 00:00:00.000,,winBeatDevLocal,1,2014-10-20 11:18:11.173,0
816,,87748AAA-CA24-4AE2-9247-55F3D8DF7E71,Sydrita PTY LTD,Sydrita Pty Ltd,53763435804,0264956245,0264957170,0419958253,info@merimbulaengineering.com.au,,8 Sir William McKell Drive,,PAMBULA,2549,NSW,P.O. Box 63,,PAMBULA,2549,NSW,0,1,.NA,.NA,IRECON,0,5,2,2014-11-04 00:00:00.000,1,2013-01-01 00:00:00.000,Sheds, welding, structural steel,winBeatDevLocal,0,2014-11-04 09:14:08.553,0
817,,AA14F61C-9074-4E25-A23C-27F7CDF553A6,JALAL  AHMAD,GOLDEN EYE PAINTING AND DECORATING,34487684481,0410699110,,0410699110,goldeneyepainting@gmail.com,,85 Robinson Street,,WILEY PARK,2195,NSW,85 Robinson Street,,WILEY PARK,2195,NSW,0,1,.NA,.NA,IRECON,0,2,2,2014-11-18 00:00:00.000,1,2007-01-01 00:00:00.000,,winBeatDevLocal,0,2014-11-18 13:53:14.583,0
818,,B6A6F55F-265A-4DE8-8C5E-40B5354C76EE,Chalex Constructions Pty Ltd,Chalex Constructions,86158001533,0400347471,,0400347471,charlie@chalex.com.au,,3 Gloucester Street,,NORTH BALGOWLAH,2093,NSW,3 Gloucester Street,,NORTH BALGOWLAH,2093,NSW,0,1,.NA,.NA,IRECON,0,4,2,2014-11-28 00:00:00.000,1,2002-01-01 00:00:00.000,,winBeatDevLocal,0,2014-11-28 14:10:16.790,0
819,,11FECD40-2D32-4C63-B37D-AF25B8BD3A47,PHILIP GRAHAM TESSEYMAN,Philip Tesseyman,61448599396,0413325503,N/A,0413325503,contact@mstrbld.com.au,,30 Roosevelt Avenue,,ALLAMBIE HEIGHTS,2100,NSW,30 Roosevelt Avenue,,ALLAMBIE HEIGHTS,2100,NSW,0,1,.NA,.NA,IRECON,0,2,2,2014-12-16 00:00:00.000,1,2014-01-01 00:00:00.000,Foreman on renovation sites for Tesseyman Constructions,winBeatDevLocal,0,2014-12-16 11:20:46.813,0
820,WPP62O9R,EE49A076-B1DA-45FB-B2BF-E47C3B0CE215,BRENDON  DOHERTY,BRENDON DOHERTY,76467587397,0410564154,,0410564154,brendon@bdlandscapes.com.au,,29 Owen Avenue,,BAULKHAM HILLS,2153,NSW,29 Owen Avenue,,BAULKHAM HILLS,2153,NSW,0,1,.NA,.NA,IRECON,0,2,2,2014-12-17 00:00:00.000,1,2010-01-01 00:00:00.000,4 years experience employed by landscapers,winBeatDevLocal,1,2014-12-17 14:01:38.610,0
821,,0AD837FD-1E27-4BE6-A663-112E1FF0B936,ALL U NEED CONSTRUCTION PTY. LTD.,,79165008444,0401666888,,0401666888,alluneedconstruction@yahoo.com.au,,68A South Liverpool Road,Heckenberg,HECKENBERG,2168,NSW,68A South Liverpool Rd,Heckenberg,HECKENBERG,2168,NSW,0,1,.NA,.NA,IRECON,0,4,2,2014-12-19 00:00:00.000,1,2013-01-01 00:00:00.000,Structural two storey dwellings,winBeatDevLocal,0,2014-12-19 09:41:05.100,0
822,,5E7003A9-A192-4D6C-834E-67F597CADA5A,S MCLEOD & C.A WHIFFEN,Eurocoast Building,97552643027,0420439637,,0420439637,shanmcleod9@hotmail.com,,7 Newstead Road,,MORUYA HEADS,2537,NSW,7 Newstead Road,,MORUYA HEADS,2537,NSW,0,1,.NA,.NA,IRECON,0,3,2,2015-01-13 00:00:00.000,1,2014-01-01 00:00:00.000,Sole traders now formed partnership,winBeatDevLocal,0,2015-01-13 13:44:50.170,0
823,,5C46D0AB-FEC7-4FAA-8736-381A9B844523,ANDREW JOHN KERR,,85927463653,46477999,,0424859494,somersetpools@hotmail.com,,13 Peacock Way,,CURRANS HILL,2567,NSW,13 Peacock Way,,CURRANS HILL,2567,NSW,0,1,.NA,.NA,IRECON,0,2,2,2015-01-13 00:00:00.000,1,2014-01-01 00:00:00.000,Employed by Pool Company,winBeatDevLocal,0,2015-01-13 15:02:45.093,0
824,,9FF11165-5351-4567-BC75-702D0A4DFAD9,Renxtend Pty Ltd ,,49150787161,02 95205564,0295205547,0416118563,dave@renxtend.com.au,,124 Anzac Avenue,,ENGADINE,2233,NSW,124 Anzac Avenue,,ENGADINE,2233,NSW,0,1,.NA,.NA,AHP,0,4,2,2015-02-09 00:00:00.000,1,2011-01-01 00:00:00.000,Residential Dwellings and Renovations and pools,winBeatDevLocal,0,2015-02-09 10:55:05.397,0
825,,24753AAA-6A1A-44F6-A9BA-B52830B173B7,A V B CONSTRUCTIONS PTY LTD,,62142099143,0408812894,,0408812894,avbconstruct@gmail.com,,16 Narrabeen Park Parade,,WARRIEWOOD,2102,NSW,,,,,,0,1,.NA,.NA,AHP,0,4,2,2015-02-10 00:00:00.000,1,2010-01-01 00:00:00.000,New Dwellings as sole trader,winBeatDevLocal,0,2015-02-10 16:05:40.090,0
826,,E55F4214-3911-43BB-8D1B-5DB4952471CC,Jeddas Enterprises Pty Ltd ATF The Habojan Trust,Think Built,11322400308,0410585550,,0410585550,kate@thinkbuilt.com.au,,50 Flinders Road,,WOOLOOWARE,2230,NSW,50 Flinders Road,,WOOLOOWARE,2230,NSW,0,1,.NA,.NA,AHP,0,5,2,2015-03-05 00:00:00.000,1,2010-01-01 00:00:00.000,Residential Dwellings and Alterations,winBeatDevLocal,0,2015-03-05 08:51:18.970,0
827,5OJAAWE9,32DDF9D8-35A7-4705-AD45-4486A9E3E80C,JTB Building Pty Ltd,,48124819361,02 9944 0259,,0414 833 268,accounts@jtbbuilding.com.au,www.jtbbuilding.com.au,10 Boomerang Road,,COLLAROY PLATEAU WEST,2097,NSW,P.O. Box 1104,,DEE WHY,2099,NSW,0,1,.NA,.NA,AHP,0,4,2,2015-03-17 00:00:00.000,1,2007-01-01 00:00:00.000,,winBeatDevLocal,1,2015-03-17 11:15:16.917,0
828,,249FE289-87DC-42A0-BCFC-D4AF8354031E,Chase Projects Pty Ltd,,42138226454,0450095777,0299392009,0450095777,julie@chaseprojects.com.au,,5 Farnell Street,,CURL CURL,2096,NSW,5 Farnell Street,,CURL CURL,2096,NSW,0,1,.NA,.NA,AHP,0,4,2,2015-03-18 00:00:00.000,1,2010-01-01 00:00:00.000,Has been operating for 5 years on residential dwellings.
Has held cover with QBE,winBeatDevLocal,0,2015-03-18 14:56:39.753,0
829,,03D28EC3-9F12-441B-B844-AB6002FC7EEB,FIRST CLASS BUILDING PTY LIMITED,,56165869036,0401905121,,0401905121,firstclassbuilding@hotmail.com,,9 Vera Place,,PADSTOW HEIGHTS,2211,NSW,9 Vera Place,,PADSTOW HEIGHTS,2211,NSW,0,1,.NA,.NA,IRECON,0,4,2,2015-04-01 00:00:00.000,1,2013-01-01 00:00:00.000,Renovations, Roofing, Framing, New Additions, New Dwellinga,winBeatDevLocal,0,2015-04-01 08:52:27.127,0
830,,88558CC4-EC7D-40A0-ACC0-EA3A3E76FFAA,THE TRUSTEE FOR EDDEY FAMILY TRUST - TRADING AS SO,Eddey Family Trust,75615567751,0243697399,,0414733980,luke@southcentralgroup.com.au,,58 Pomona Road,,EMPIRE BAY,2257,NSW,58 Pomona Road,,EMPIRE BAY,2257,NSW,0,1,.NA,.NA,IRECON,0,5,2,2015-04-08 00:00:00.000,1,2014-01-01 00:00:00.000,Building Inspector for NSW Fair Trading
Director of 4 Future Building p/L for 5 years
14 years total in the building industry,winBeatDevLocal,0,2015-04-08 13:43:01.213,0
831,,CFD8E519-BCA8-44AA-AFCD-6E20C944D07C,HASLIN CONSTRUCTIONS PTY LIMITED,Haslin Constructions Pty Ltd,85051102124,02 95451855,02 9545 1833,0418212347,cwoods@haslin.com.au,,2/2-4 Merton Street,,SUTHERLAND,2232,NSW,P.O. Box 363,,SUTHERLAND,2232,NSW,0,1,.NA,.NA,IRECON,0,4,2,2015-05-12 00:00:00.000,1,1991-01-01 00:00:00.000,,winBeatDevLocal,0,2015-05-12 09:46:08.920,0
832,14FF60PW,A4C209D6-0509-4E14-ACF0-6CC4DB686CBE,ATS AWNINGS & ADDITIONS PTY LIMITED,,33142124490,1300786889,,0417110011,admin@atsawnings.com.au,,7/11 Robertson Place,,JAMISONTOWN,2750,NSW,7/11 Robertson Place,,JAMISONTOWN,2750,NSW,0,1,.NA,.NA,IRECON,0,4,2,2015-05-21 00:00:00.000,1,2014-01-01 00:00:00.000,Director and Supervisor of Stylemaster Patios,winBeatDevLocal,1,2015-05-21 18:01:15.443,0
833,,A6243AA9-B204-4FA9-8B27-2DA4E848437C,GROVE & BARKER PTY LTD,,76153130137,0290115560,0293838678,0438998934,dave@grovebuilding.com.au,,46 Cousins Road,,BEACON HILL,2100,NSW,46 Cousins Road,,BEACON HILL,2100,NSW,0,1,.NA,.NA,IRECON,0,4,2,2015-07-02 00:00:00.000,1,2013-01-01 00:00:00.000,Single Dwellings, Alterations and Additions,winBeatDevLocal,0,2015-07-02 10:57:33.127,0
834,,B627370E-2A87-43F3-BC2C-72C0E7664305,BADGER DEVELOPMENTS PTY LTD,,14604184072,0288125929,,0414360911,badgersdevelopments@gmail.com,,20 Saunders Road,,ERMINGTON,2115,NSW,20 Saunders Road,,ERMINGTON,2115,NSW,0,1,.NA,.NA,IRECON,0,4,2,2015-07-03 00:00:00.000,1,2015-01-01 00:00:00.000,Residential Dwellings,winBeatDevLocal,0,2015-07-03 12:10:26.623,0
835,,EF45632C-BAC2-4857-814B-65EE91AE9FFE,SJLR Investments Pty Ltd,,15117220149,0246366147,,0412895547,jacquie@sjlr.com.au,,610 Cawdor Road,,CAWDOR,2570,NSW,610 Cawdor Road,,CAMDEN SOUTH,2570,NSW,0,1,.NA,.NA,IRECON,0,4,2,2015-07-14 00:00:00.000,1,2011-01-01 00:00:00.000,Project Management ,winBeatDevLocal,0,2015-07-14 11:20:40.173,0
836,,3FA2C068-9803-4125-A8C4-61A00805163E,LOVETT CUSTOM HOMES PTY LTD,,56602483250,02 9999 2117 ,,0414588604,sfarmborough@iaa.net.au,,29/14 Polo Avenue,Mona Vale,MONA VALE,2103,NSW,29/14 Polo Avenue,Mona Vale,MONA VALE,2103,NSW,0,1,.NA,.NA,IRECON,0,4,2,2015-07-30 00:00:00.000,1,2014-01-01 00:00:00.000,Company formerly traded as Lovett Building.
Directors Son has now taken over the company and started under new entity.,winBeatDevLocal,0,2015-07-30 10:03:07.667,0
837,,CF538B0B-C863-4373-A25E-B0564DE64191,Remedial Building Solutions Pty Limited,,33132642641,0296607720,,0411416722,admin@remedialbuildingsolutions.com.au,,13A Hill Street,Leichhardt,LEICHHARDT,2040,NSW,PO Box 756,Petersham,,,,0,1,.NA,.NA,IRECON,0,4,2,2015-08-07 00:00:00.000,0,NULL,,winBeatDevLocal,0,2015-08-07 15:06:43.120,0
838,,7389A04F-4259-431A-863D-04157C38E5E3,S & J TURNER CONSULTING PTY. LTD,,46065178690,0293712668,,0417479581,ski@aneeki.com.au,,1/39 Wilberforce Avenue,,ROSE BAY,2029,NSW,1/39 Wilberforce Avenue,,ROSE BAY,2029,NSW,0,1,.NA,.NA,IRECON,0,4,2,2015-08-12 00:00:00.000,0,NULL,,winBeatDevLocal,0,2015-08-12 09:53:56.740,0
839,,3755C6E7-F227-473D-83DE-18EEFACE055D,J.R DUTKIEWICZ & N.P DUTKIEWICZ,Jamey and Nathan Dutkiewicz,13754530047,,,0419266289,rvardy@irecon.com.au,,29 Molvig Street,,WESTON,2611,ACT,29 Molvig Street,,WESTON,2611,ACT,0,1,.NA,.NA,IRECON,0,3,2,2015-08-12 00:00:00.000,0,NULL,,winBeatDevLocal,0,2015-08-12 10:57:07.807,0
840,,5D2E1826-B8B3-4E15-9B53-DB05D268A619,STEWART BUILDING PTY LTD,,50122994003,,,0402102503,boodeeburgh@hotmail.com,,2 Old Farm Road,,HELENSBURGH,2508,NSW,2 Old Farm Road,,HELENSBURGH,2508,NSW,0,1,.NA,.NA,IRECON,1,4,2,2015-08-13 00:00:00.000,0,NULL,,winBeatDevLocal,0,2015-08-13 10:33:46.690,0
841,,B41AD8C5-93C6-4E21-80F6-E76ECB7E84FC,CAPITAL CONSTRUCTION AND REFURBISHING PTY LTD,,21003682924,0294376222,,0417421566,michael@capitalconstruct.com.au,,23/6-8 Herbet Street,,ST LEONARDS,2065,NSW,,,,,,0,1,.NA,.NA,IRECON,0,4,2,2015-08-13 00:00:00.000,0,NULL,,winBeatDevLocal,0,2015-08-13 11:36:46.373,0
842,,1A256A38-7A2B-4903-A688-82C4B2E4DAEC,BOON BUILDING PTY LIMITED,BOON BUILDING PTY LIMITED,79087637778,0289190095,,0404841001,accounts@boonbuilding.com.au,,26 Elourea Road,,AVALON,2107,NSW,26 Elourea Road,,AVALON,2107,NSW,0,1,.NA,.NA,IRECON,0,4,2,2015-08-13 00:00:00.000,0,NULL,,winBeatDevLocal,0,2015-08-13 11:54:40.430,0
843,,6EECA32A-1D0A-4967-A3E0-06DF2A8FA0BF,A GRASSO & J GUEDES,Pinnacle Constructions & Design,40916560969,,,0412565880,pinnacle.con@optusnet.com.au,,51 Hay Street,,CROYDON PARK,2133,NSW,51 Hay Street,,CROYDON PARK,2133,NSW,0,1,.NA,.NA,IRECON,0,3,2,2015-08-13 00:00:00.000,0,NULL,,winBeatDevLocal,0,2015-08-13 12:20:50.620,0
844,,32056FA0-5B76-49DE-AB9A-EF6C1CA225FB,C.A.G. ENTERPRISES PTY LTD,,15122661303,0246480188,,0414565662,info@insightlandscapes.com.au,,2/34 Bluett Drive ,,SMEATON GRANGE,2567,NSW,2/34 Bluett Drive ,,SMEATON GRANGE,2567,NSW,0,1,.NA,.NA,IRECON,1,4,2,2015-08-13 00:00:00.000,0,NULL,,winBeatDevLocal,0,2015-08-13 15:19:19.160,0
845,,615A7725-DB47-42E0-99BB-BC18D3BD0DA9,MYTICORP CONSTRUCTION PTY LTD,,34096910397,,,,myticorp@gmail.com,,21 Jacobson Avenue,,KYEEMAGH,2216,NSW,21 Jacobson Avenue,,KYEEMAGH,2216,NSW,0,1,.NA,.NA,IRECON,0,4,2,2015-08-17 00:00:00.000,0,NULL,,winBeatDevLocal,0,2015-08-17 10:32:00.353,0
846,,F919C8A6-33E3-4F82-80EC-99CCC783F386,INSTYLE PLUMBING & DEVELOPMENT PTY LIMITED,,22106021925,0293891777,,,info@bathroomsinstyle.com.au,,11 Edgecliff Road,,WOOLLAHRA,2025,NSW,11 Edgecliff Road,,WOOLLAHRA,2025,NSW,0,1,.NA,.NA,IRECON,0,4,2,2015-08-17 00:00:00.000,0,NULL,,winBeatDevLocal,0,2015-08-17 11:30:47.130,0
847,,0B0AC490-A6C7-4FA6-9E8B-3E45D64402CB,The trustee for Peter Ginns Family Trust,Genuine Building Services,83062185361,0289998030,0289998031,0419226153,peter@genuinebuildingservices.com.au,,30 High Street,,GLADESVILLE,2111,NSW,30 High Street,,GLADESVILLE,2111,NSW,0,1,.NA,.NA,IRECON,0,5,2,2015-08-18 00:00:00.000,0,NULL,,winBeatDevLocal,0,2015-08-18 12:03:57.630,0
848,,512CAA22-D78E-489F-9C32-39C4BB1B0C33,Built by Lucas Pty Ltd,Built By Lucas,92126039898,,,0434629638,builtbylucas@bigpond.com,,9 Nollands Road,,ARCADIA,2159,NSW,9 Nollands Road,,ARCADIA,2159,NSW,0,1,.NA,.NA,IRECON,0,4,2,2015-08-28 00:00:00.000,0,NULL,,winBeatDevLocal,0,2015-08-28 17:44:34.333,0
849,,F1175CD0-E57B-42A6-B067-85A57C11718E,PCW CONSTRUCTIONS PTY LTD,,46164623125,0402660581,,0457844675,cally@ybm.com.au,,141 Starlea Road,,MOLONG,2866,NSW,P.O. Box 268,,MOLONG,2866,NSW,0,1,.NA,.NA,IRECON,0,4,2,2015-09-01 00:00:00.000,0,NULL,,winBeatDevLocal,0,2015-09-01 15:46:12.010,0
850,,BEB8A7F7-5A15-42DB-B49D-07535D7CE518,STYLEN CONSTRUCTIONS PTY LTD,,80094402310,02 43588810,,0413460684,stylenconstructions@gmail.com,,Unit 1A 1/10 Amy Close,,WYONG,2259,NSW,Unit 1A 1/10 Amy Close,,WYONG,2259,NSW,0,1,.NA,.NA,IRECON,0,4,2,2015-09-01 00:00:00.000,0,NULL,,winBeatDevLocal,0,2015-09-01 17:24:31.700,0
851,,64015217-935B-4E39-A4AA-BAB6E5E399F2,ALL IN THE MAKING PTY LTD,Aim Building,61165425972,0423123885,,0423123885,info@aimbuilding.com.au,,9 Araluen Place,,SUTHERLAND,2232,NSW,9 Araluen Place,,SUTHERLAND,2232,NSW,0,1,.NA,.NA,IRECON,0,4,2,2015-09-03 00:00:00.000,0,NULL,,winBeatDevLocal,0,2015-09-03 15:32:31.880,0
852,,D0DEE7C0-27D8-4771-B3E2-BECD76DC3BCA,CLASSIC HOME IMPROVEMENTS (AUSTRALIA) PTY LTD,CLASSIC HOME IMPROVEMENTS (AUSTRALIA) PTY LTD,12070099660,025217759,,0418971064,daenell@bigpond.net.au,,225 Ringwood Rd,,EXETER,2579,NSW,225 Ringwood Rd,,EXETER,2579,NSW,0,1,.NA,.NA,IRECON,0,4,2,2015-09-09 00:00:00.000,0,NULL,,winBeatDevLocal,0,2015-09-09 10:49:59.683,0
853,,157FD65C-09FB-48F2-82F3-0DDD900BCC79,BUILDLINE CONSTRUCTIONS PTY LTD,,97122059063,0295552640,,0438091226,brad@buildline.com.au,,Level 1/85 Rose Street,,ANNANDALE,2038,NSW,Level 1/85 Rose Street,,ANNANDALE,2038,NSW,0,1,.NA,.NA,IRECON,0,4,2,2015-09-09 00:00:00.000,0,NULL,,winBeatDevLocal,0,2015-09-09 15:11:50.923,0
854,,57BF71CE-1B21-4A8E-8FAD-74549C13D8AC,POWER BUILT HOMES PTY LIMITED,,34603975257,0246580408,,,adam@powerbuilt.com.au,,3 Nardoo Way,,MOUNT ANNAN,2567,NSW,3 Nardoo Way,,MOUNT ANNAN,2567,NSW,0,1,.NA,.NA,IRECON,0,4,2,2015-09-10 00:00:00.000,0,NULL,,winBeatDevLocal,0,2015-09-10 10:26:05.423,0
855,,CB54B3A6-4A2D-4A0E-87DD-731E47337431,ERTAZ-UL-HAQUE  CHOWDHURY,STRUCTURAL ENGINEERING SERVICES,20535148571,0420710548,,0420710548,ertaz1@hotmail.com,,Unit 8, 96 Rossmore Avenue,,PUNCHBOWL,2196,NSW,Unit 8, 96 Rossmore Avenue,,PUNCHBOWL,2196,NSW,0,1,.NA,.NA,IRECON,0,2,2,2015-09-10 00:00:00.000,0,NULL,,winBeatDevLocal,0,2015-09-10 10:31:21.847,0
856,,C5502FCA-4461-47C5-9E07-4F0E0E7AF444,LUKE  DAENELL,Daenell Constructions,79583576312,,,0435486799,daenellconstructions@hotmail.com,,34 Wild Street,,PICTON,2571,NSW,34 Wild Street,,PICTON,2571,NSW,0,1,.NA,.NA,IRECON,0,2,2,2015-09-16 00:00:00.000,0,NULL,,winBeatDevLocal,0,2015-09-16 14:08:38.173,0
857,,D3D611E8-5C4E-4B28-96FF-6264FD04AB00,MANLY WINDOWS PTY LTD,,25139118193,02 99072644,,,mark@manlywindows.com.au,,17 Ethel Avenue,,BROOKVALE,2100,NSW,17 Ethel Avenue,,BROOKVALE,2100,NSW,0,1,.NA,.NA,IRECON,0,4,2,2015-09-17 00:00:00.000,0,NULL,,winBeatDevLocal,0,2015-09-17 12:33:51.043,0
858,,B0B4C168-C8D0-4ADD-AAFC-41520415DF8D,BRAD  DARMODY,BGD CARPENTRY,22408585961,,,0423823036,k.darmody@bigpond.com,,15 Murchison Street,,KALEEN,2617,ACT,15 Murchison Street,,KALEEN,2617,ACT,0,1,.NA,.NA,IRECON,0,2,2,2015-09-28 00:00:00.000,0,NULL,,winBeatDevLocal,0,2015-09-28 15:54:30.100,0
859,,1323363E-2BE4-4543-85B7-22109B46D12C,JOHN  WAHBE,,17506505127,,,0414609612,john@wahbe.com.au,,4 Fremont Avenue,,ERMINGTON,2115,NSW,4 Fremont Avenue,,ERMINGTON,2115,NSW,0,1,.NA,.NA,IRECON,0,2,2,2015-09-29 00:00:00.000,0,NULL,,winBeatDevLocal,0,2015-09-29 15:46:06.200,0
860,,C696B66B-D64D-4EF4-9CAB-32F40E71DB34,Danette Pty Ltd,Danette Pty Ltd,45119128719,94370055,,0400451538,michael.odd@danette.com.au,,Unit 9, 2-8 Campbell Street,,ARTARMON,2064,NSW,Unit 9, 2-8 Campbell Street,,ARTARMON,2064,NSW,0,1,.NA,.NA,IRECON,0,4,2,2015-10-12 00:00:00.000,0,NULL,,winBeatDevLocal,0,2015-10-12 12:17:44.660,0
861,,3BD255DB-5193-4551-AAC7-216D5604EB59,XENITH CONSTRUCTIONS PTY LTD,,98130454723,0438039913,,0438039913,accounts@xenithconstructions.com.au,,48 Chain O Ponds Road,,MULGOA,2745,NSW,PO BOX 133,,MULGOA,2745,NSW,0,1,.NA,.NA,IRECON,0,4,2,2015-10-19 00:00:00.000,0,NULL,,winBeatDevLocal,0,2015-10-19 10:01:49.810,0
862,,6D28306A-1EA8-4208-8868-4B9B3AF20BFC,ON-SITE GROUP PTY LTD,ONSITE GROUP PTY LTD,18099211908,02 93276633,,0408785906,B.Levy@onsitegroup.com.au,,Level 1, ,90 New South Head Road,EDGECLIFF,2027,NSW,PO Box 1175,,EDGECLIFF,2027,NSW,0,1,.NA,.NA,IRECON,0,4,2,2015-10-31 00:00:00.000,0,NULL,,winBeatDevLocal,0,2015-10-31 10:04:50.360,0
863,,E9B50546-85BC-4C1B-B271-F693AEA7CE5D,BARGO COLONIAL COTTAGES PTY. LTD.,,41003493463,0248623883,,0412260977,andrewgoshi@primusonline.com.au,,10 Isedale Road,,BRAEMAR,2575,NSW,PO Box 32,,BARGO,2574,NSW,0,1,.NA,.NA,IRECON,0,4,2,2015-11-12 00:00:00.000,0,NULL,,winBeatDevLocal,0,2015-11-12 13:44:01.263,0
864,,A1084EBF-DC0F-463F-91AB-72F70C4B55F5,HAMMERSTONE PTY. LTD.,,66166132234,0424144388,,0424144388,office@hammerstone.com.au,,37 Boundary Street,,DARLINGHURST,2010,NSW,37 Boundary Street,,DARLINGHURST,2010,NSW,0,1,.NA,.NA,IRECON,0,4,2,2015-11-13 00:00:00.000,0,NULL,,winBeatDevLocal,0,2015-11-13 09:14:36.283,0
865,,F45CA561-E1FE-4EC2-87BB-221D834E67C9,FUSION BUILDING SOLUTIONS PTY LTD,,54161974536,,,0423306897,info@fusbuild.com,,4 Nagel Close,,WOOLGOOLGA,2456,NSW,4 Nagel Close,,WOOLGOOLGA,2456,NSW,0,1,.NA,.NA,IRECON,0,4,2,2015-11-13 00:00:00.000,0,NULL,,winBeatDevLocal,0,2015-11-13 12:23:07.867,0
866,,DE95985E-17B2-4E43-8161-88507946E17A,BALANCE AIRCONDITIONING PTY LTD,,41165190545,0410494094,,0410494094,balair@optusnet.com.au,,9 Taiyul Road,,NORTH NARRABEEN,2101,NSW,PO Box 5091,,NORTH NARRABEEN,2101,NSW,0,1,.NA,.NA,IRECON,0,4,2,2015-11-17 00:00:00.000,0,NULL,,winBeatDevLocal,0,2015-11-17 10:21:46.277,0
867,,8CD6C6EA-D80C-4FFA-BA7F-93FEBF07416D,The Trustee for Ozz Projects Unit Trust,,65489367055,0294600757,0294600758,0413744930,cguardala@ozzprojects.com,,Suite 5, 41, McLaren Street,,NORTH SYDNEY,2060,NSW,Suite 5, 41, McLaren Street,,NORTH SYDNEY,2060,NSW,0,1,.NA,.NA,IRECON,0,5,9,2015-11-17 00:00:00.000,0,NULL,,winBeatDevLocal,0,2015-11-17 14:48:35.343,0
868,,FAA396CA-7979-4DA9-A69E-CF474F012AB1,ROBERT PLUMB PROJECT PTY LTD,,79159190673,0293169066,,,helen@robertplumb.com.au,,55 Cranbrook Street,,BOTANY,2019,NSW,55 Cranbrook Street,,BOTANY,2019,NSW,0,1,.NA,.NA,IRECON,0,4,2,2015-12-02 00:00:00.000,0,NULL,,winBeatDevLocal,0,2015-12-02 13:53:42.483,0
869,,B7D2A380-09E1-4E18-9724-DED17C2C63AE,JEREMY MACPHERSON PLUMBING PTY LTD,JEREMY MACPHERSON PLUMBING,13100722049,95246656,,0417748246,rob@jmplumber.com.au,,234 Taren Point Road,,CARINGBAH,2229,NSW,234 Taren Point Road,,CARINGBAH,2229,NSW,0,1,.NA,.NA,IRECON,0,4,2,2015-12-10 00:00:00.000,0,NULL,,winBeatDevLocal,0,2015-12-10 08:45:40.810,0
870,,32F6CEF1-4175-4310-AB6D-3D9EB90BF5F7,GDG PROJECTS PTY LTD,,22167768792,0738481202,0738481206,0404702471,ggraves@gdgprojects.com.au,,13 Esher Street,,TARRAGINDI,4121,QLD,13 Esher Street,,TARRAGINDI,4121,QLD,0,1,.NA,.NA,IRECON,0,4,2,2016-01-29 00:00:00.000,0,NULL,,winBeatDevLocal,0,2016-01-29 13:41:17.670,0
871,,FCF26395-084D-4303-98D4-D919C3855424,WAHBE CONSTRUCTIONS PTY. LIMITED,,37051939194,0296133686,,0414609612,john@wahbe.com.au,,30 Ellis Street,,OATLANDS,2117,NSW,30 Ellis Street,,OATLANDS,2117,NSW,0,1,.NA,.NA,IRECON,0,4,2,2016-01-29 00:00:00.000,0,NULL,,winBeatDevLocal,0,2016-01-29 14:02:11.907,0
872,,A3D1AC3B-D10C-4A33-852E-AB18F042EF9D,TIMOTHY COLIN HUDSON,TIM HUDSON,40971837049,0417206289,,0417206289,tchudson@iprimus.com.au,,10 Frederick Street,,POINT FREDERICK,2250,NSW,10 Frederick Street,,POINT FREDERICK,2250,NSW,0,1,.NA,.NA,IRECON,0,2,2,2016-02-10 00:00:00.000,0,NULL,,winBeatDevLocal,0,2016-02-10 10:16:57.373,0
873,,0363F948-D496-4C91-AE6C-CDE4382C71EB,IBuild Construction and Developments Pty Ltd,,35137019517,,,0404662211,nick@ibuildconstruction.com.au,,20 Silverbirch Avenue,,MARDI,2259,NSW,20 Silverbirch Avenue,,MARDI,2259,NSW,0,1,.NA,.NA,IRECON,0,4,2,2016-02-10 00:00:00.000,0,NULL,,winBeatDevLocal,0,2016-02-10 14:02:19.140,0
874,,A2C03734-8F7F-458B-9417-989801B971EE,REECE FAMILY HOLDINGS PTY LTD,REECE FAMILY HOLDINGS PTY LTD,75126953017,65 532724,,0428231174,bella@reecon.com.au,,10 Loten Lane,,MITCHELLS ISLAND,2430,NSW,10 Loten Lane,,MITCHELLS ISLAND,2430,NSW,0,1,.NA,.NA,IRECON,0,4,2,2016-02-18 00:00:00.000,0,NULL,,winBeatDevLocal,0,2016-02-18 13:34:25.803,0
875,,8019BF63-BDBB-4694-9CF1-DE7FFAE6F506,YELLOWTAIL DEVELOPMENTS PTY LTD,,99142331315,,,0414308920,nastonconstructions@gmail.com,,225 The Trongate Street,,GRANVILLE,2142,NSW,225 The Trongate Street,,GRANVILLE,2142,NSW,0,1,.NA,.NA,IRECON,0,4,2,2016-02-24 00:00:00.000,0,NULL,,winBeatDevLocal,0,2016-02-24 14:28:55.940,0
876,,72D63FF3-3090-418C-AF94-A0737C77533C,The trustee for K & M Newton Family Trust,,20137380451,0264954694,,0427954694,mknewton6@hotmail.com,,47 Lakeview Avenue,,MERIMBULA,2548,NSW,47 Lakeview Avenue,,MERIMBULA,2548,NSW,0,1,.NA,.NA,IRECON,0,5,2,2016-03-09 00:00:00.000,0,NULL,,winBeatDevLocal,0,2016-03-09 09:33:46.687,0
877,,642698C9-9FB0-4AFA-B15F-036F98815298,G & J PAUL PTY LTD,,59000152698,0294177747,,0413364970,gjpaul@iinet.net.au,,47 Victoria Avenue,,MIDDLE COVE,2068,NSW,47 Victoria Avenue,,MIDDLE COVE,2068,NSW,0,1,.NA,.NA,IRECON,0,4,2,2016-03-14 00:00:00.000,0,NULL,,winBeatDevLocal,0,2016-03-14 08:32:39.017,0
878,,13D336D3-9E2E-4E58-836F-7F14F2BB002A,M J G BUILDING PTY LTD,,55163801447,,,0417145987,matt@baysidedecking.com,,134 Ellesmere Road,,GYMEA BAY,2227,NSW,134 Ellesmere Road,,GYMEA BAY,2227,NSW,0,1,.NA,.NA,IRECON,0,4,2,2016-03-30 00:00:00.000,0,NULL,,winBeatDevLocal,0,2016-03-30 09:39:15.490,0
879,,B71BE13D-0EC7-4221-9A14-38D49583A2B8,MERIDIAN PROPERTY GROUP (NSW) PTY LTD,Capitol Homes,23605099045,1800227486,,0407294994,jason@capitolhomes.com.au,,2/249 Edmondson Ave,,AUSTRAL,2179,NSW,PO BOX 3225,,AUSTRAL,2179,NSW,0,1,.NA,.NA,IRECON,0,4,2,2016-04-01 00:00:00.000,0,NULL,,winBeatDevLocal,0,2016-04-01 10:29:51.450,0
880,,0CE8B91F-B6D6-4EAC-A7C1-E28DE4F86C0D,BISHTON GROUP PTY LTD,,24601790130,0412394439,,0412394439,scott.bishton@gmail.com,,6/1933 Gold Coast Highway,,BURLEIGH HEADS,4220,QLD,6/1933 Gold Coast Highway,,BURLEIGH HEADS,4220,QLD,0,1,.NA,.NA,IRECON,0,4,2,2016-04-01 00:00:00.000,0,NULL,,winBeatDevLocal,0,2016-04-01 10:39:21.640,0
881,,5531D92C-D51F-43F0-B065-57F84123D817,Northcorp Building & Construction Pty Ltd,,19134888805,0427215952,,0427215952,stephen.curry@northcorpbuilding.com.au,,21 Birrahee Drive,,WAUCHOPE,2446,NSW,21 Birrahee Drive,,WAUCHOPE,2446,NSW,0,1,.NA,.NA,IRECON,0,4,2,2016-04-04 00:00:00.000,0,NULL,,winBeatDevLocal,0,2016-04-04 14:43:20.747,0
882,,59ECAD5A-87F0-4284-8695-41B12E9CA05A,Opera Projects Pty Limited,,37135897773,,,0414558248,potoole001@gmail.com,,4 Vuko Place,,WARRIEWOOD,2102,NSW,4 Vuko Place,,WARRIEWOOD,2102,NSW,0,1,.NA,.NA,IRECON,0,4,2,2016-04-22 00:00:00.000,0,NULL,,winBeatDevLocal,0,2016-04-22 12:25:44.797,0
883,,28E5FBF2-F9E4-495E-954F-FF5546838CA2,Vibe Electrical Pty Limited,,94123695778,0283864514,,0420981891,stuart@vibeelectrical.com.au,,9/84 Old Pittwater Road,,BROOKVALE,2100,NSW,9/84 Old Pittwater Road,,BROOKVALE,2100,NSW,0,1,.NA,.NA,IRECON,0,4,2,2016-04-28 00:00:00.000,0,NULL,,winBeatDevLocal,0,2016-04-28 09:51:31.377,0
884,,FD07D43D-BFA9-4A0D-A88C-526392FF9E7F,COLOSSAL DEVELOPMENTS PTY LTD,,62149782463,,,0434013545,marcel@colossaldevelopments.com.au,,45 Cartright Ave,,MERRYLANDS,2160,NSW,45 Cartright Ave,,MERRYLANDS,2160,NSW,0,1,.NA,.NA,IRECON,0,4,2,2016-04-28 00:00:00.000,0,NULL,,winBeatDevLocal,0,2016-04-28 13:05:19.353,0
885,,EB3707A4-099F-4AD1-BB2A-77EECF26AFB1,AQUA TIGHT REMEDIAL BUILDING SERVICES PTY LTD,AQUA TIGHT WATERPROOFING,90111452012,0295994489,,0410342252,rani@atwaterproofing.com.au,,Unit 6, 362 Rocky Point Road,,SANS SOUCI,2219,NSW,Unit 6, 362 Rocky Point Road,,SANS SOUCI,2219,NSW,0,1,.NA,.NA,IRECON,0,4,2,2016-05-19 00:00:00.000,0,NULL,,winBeatDevLocal,0,2016-05-19 15:53:55.457,0
886,,92C19B4A-4E38-4E75-B6B1-4D49A312EB32,KINVEL PROJECTS PTY LTD,,26142988458,,,0459045858,ryan.jenkin@kinvelprojects.com.au,,19 Bay Parade,,MALABAR,2036,NSW,19 Bay Parade,,MALABAR,2036,NSW,0,1,.NA,.NA,IRECON,0,4,2,2016-05-23 00:00:00.000,0,NULL,,winBeatDevLocal,0,2016-05-23 15:44:03.927,0
887,,6E468FD8-E090-4E99-A485-3059613C0444,NORTH RICHMOND CONSTRUCTION PTY. LTD.,,86167882895,0245711251,,0422647714,jaad@northrichmondconstruction.com.au,,,75 Porpoise Crescent,BLIGH PARK,2756,NSW,,,,,,0,1,.NA,.NA,IRECON,0,4,2,2016-05-25 00:00:00.000,0,NULL,,winBeatDevLocal,0,2016-05-25 09:23:08.453,0
888,,655A968B-C515-44A3-A93D-22F2E69833E9,ADAM MARCUSE NOWAK,ADAM NOWAK,45069649141,0415570070,,0415570070,rollonuppainting@hotmail.com,,150 Fitzgerald Avenue,,MAROUBRA,2035,NSW,150 Fitzgerald Avenue,,MAROUBRA,2035,NSW,0,1,.NA,.NA,IRECON,1,2,2,2016-06-01 00:00:00.000,0,NULL,,winBeatDevLocal,0,2016-06-01 11:54:38.690,0
889,,2B1BD88E-A34E-40B2-9C39-505464AD656E,VELLA DEVELOPMENTS (NSW) PTY LIMITED,,66611696747,,,0404866877,Andrew.vella@velladevelopments.com.au,,7 Yellambie Street,,YOWIE BAY,2228,NSW,7 Yellambie Street,,YOWIE BAY,2228,NSW,0,1,.NA,.NA,IRECON,0,4,2,2016-06-03 00:00:00.000,0,NULL,,winBeatDevLocal,0,2016-06-03 10:50:57.280,0
890,,A7AB7C66-6426-4528-BCB8-312C3FC8C1F6,ZANSUNG PTY. LIMITED,CONCEPT DESIGN KITCHENS,52076861795,65522757,,0418652669,conceptdesignkitchens@bigpond.com,,63 Muldoon Street,,TAREE,2430,NSW,63 Muldoon Street,,TAREE,2430,NSW,0,1,.NA,.NA,IRECON,0,4,2,2016-06-22 00:00:00.000,0,NULL,,winBeatDevLocal,0,2016-06-22 12:47:10.867,0
891,,AF883949-A476-4F27-AD28-DD316F2739B4,WYNN HOMES PTY LTD,,21166538754,,,0421117079,accounts@wynnhomes.com.au,,16 Oceanview Street,,WOOLOOWARE,2230,NSW,PO Box 1165,,CRONULLA,2230,NSW,0,1,.NA,.NA,IRECON,0,4,2,2016-07-05 00:00:00.000,0,NULL,,winBeatDevLocal,0,2016-07-05 10:32:24.250,0
892,,4317C5BB-9E46-4C49-B552-E045AC550F5D,DILLON CHRISTOPHER COSTIGAN,D C CONSTRUCTION,20507257792,,,0421469250,info@dcconstructco.com,,56 Balmoral Road,,LEURA,2780,NSW,56 Balmoral Road,,LEURA,2780,NSW,0,1,.NA,.NA,IRECON,0,2,2,2016-07-20 00:00:00.000,0,NULL,,winBeatDevLocal,0,2016-07-20 17:02:11.703,0
893,,440ED679-346D-4320-874D-579BB18263EA,Against The Grain Carpentry & Joinery Pty Ltd,,55134811984,0247823210,,0421488270,david@againstthegrain.net.au,,U24/26 Megalong Street,,KATOOMBA,2780,NSW,PO Box 7392,,LEURA,2780,NSW,0,1,.NA,.NA,IRECON,0,4,2,2016-07-27 00:00:00.000,0,NULL,,winBeatDevLocal,0,2016-07-27 12:04:19.723,0
894,,B23009F8-678F-4D4C-892F-6E0FB77427BE,ANTHONY  SALTER,SALTERS CONTRACTING,49088689224,,,,tony27156@gmail.com,,15 Blades Place,,DOUGLAS PARK,2569,NSW,15 Blades Place,,DOUGLAS PARK,2569,NSW,0,1,.NA,.NA,IRECON,0,2,2,2016-08-12 00:00:00.000,0,NULL,,winBeatDevLocal,0,2016-08-12 14:04:38.170,0
895,,BF496BC7-C67F-4A86-B2E6-16BE5DA90966,ALL IN ONE BACKYARD SOLUTIONS NSW PTY. LIMITED,ALL IN ONE BACKYARD SOLUTIONS NSW PTY. LIMITED,15625035912,,,0412312854,info@aiobackyardsolutions.com.au,,103 Newham Drive,,CAMBRIDGE GARDENS,2747,NSW,103 Newham Drive,,CAMBRIDGE GARDENS,2747,NSW,0,1,.NA,.NA,IRECON,0,4,2,2020-04-14 00:00:00.000,0,NULL,,winBeatDevLocal,0,2016-08-15 12:33:19.073,0
896,,30B18648-EF66-4255-A256-4C4F928FAD74,ARGO BUILDING SERVICES PTY LTD,,57153430141,0414250246,,0414250246,argobuilding@gmail.com,,14 Box Place,,LATHAM,2615,ACT,14 Box Place,,LATHAM,2615,ACT,0,1,.NA,.NA,IRECON,1,4,2,2016-08-17 00:00:00.000,0,NULL,,winBeatDevLocal,0,2016-08-17 13:59:07.117,0
897,,F59FEE5D-7FB4-4C51-848A-1534030A51A8,OCEANIC BUILDING GROUP PTY LTD,,63600462315,,,0433983307,nathan@obgnsw.com.au,,79 Marion Street,,THIRLMERE,2572,NSW,79 Marion Street,,THIRLMERE,2572,NSW,0,1,.NA,.NA,IRECON,0,4,2,2016-08-19 00:00:00.000,0,NULL,,winBeatDevLocal,0,2016-08-19 11:52:37.383,0
898,,43878A05-0E7F-42CE-A9E1-A5E01DA21534,Culeld Pty Ltd,,36149626826,0427006757,,0427006757,shelby@jvbusiness.net.au,,1239 Barton Hyan ,,HALL,2618,ACT,1239 Barton Hyan ,,HALL,2618,ACT,0,1,.NA,.NA,IRECON,0,4,2,2016-08-24 00:00:00.000,0,NULL,,winBeatDevLocal,0,2016-08-24 18:01:25.047,0
899,,CD9625ED-1B8F-4C68-B936-10758B8262A2,ABUILDPRO RESIDENTIAL PTY LTD,,56605817221,0293600777,0293602777,0412090210,paul@abuildpro.com.au,,Level 1, ,178 Liverpool Street,,DARLINGHURST,2010,NSW,Level 1, ,178 Liverpool Street,,DARLINGHURST,2010,NSW,0,1,.NA,.NA,IRECON,0,4,2,2016-08-26 00:00:00.000,0,NULL,,winBeatDevLocal,0,2016-08-26 10:00:21.660,0
900,,41215034-A9E9-4E5C-AFD6-B49045616D9A,KTR Construction Managers Pty Ltd,,48128044397,02 62971974,,0418697998,tracey@ktrmanagers.com.au,,21/11-15 Lorn Road,,QUEANBEYAN,2620,NSW,21/11-15 Lorn Road,,QUEANBEYAN,2620,NSW,0,1,.NA,.NA,IRECON,0,4,2,2016-08-30 00:00:00.000,0,NULL,,winBeatDevLocal,0,2016-08-30 13:22:23.717,0
901,,18D9A9A6-62D6-4208-ADC8-35F4ED375033,The Trustee for The Layla Family Trust,,11592765348,0418631627,,0418631627,contacts@huckstepp.com.au,,2/17 Lyell Street,,FYSHWICK,2609,ACT,2/17 Lyell Street,,FYSHWICK,2609,ACT,0,1,.NA,.NA,IRECON,0,5,2,2016-09-07 00:00:00.000,0,NULL,,winBeatDevLocal,0,2016-09-07 12:22:36.520,0
902,,D5FCF60B-8C4E-476E-8994-422E08CD6914,David Giewald,,,0414757908,,,drgiewald@bigpond.com,,45 Kinnear Street,,HARRINGTON PARK,2567,NSW,45 Kinnear Street,,HARRINGTON PARK,2567,NSW,0,1,.NA,.NA,IRECON,0,1,2,9999-12-31 00:00:00.000,0,NULL,,winBeatDevLocal,0,2016-09-12 16:33:17.397,0
903,,B759051A-F29F-4D7D-A2DB-3139C866D1C8,City Wide Maintenance And Construction Pty Ltd,,84134914542,0402189149,,,chady@citywideconstructions.com.au,,16 Queen Street,,GLEBE,2037,NSW,16 Queen Street,,GLEBE,2037,NSW,0,1,.NA,.NA,IRECON,0,4,2,2016-09-14 00:00:00.000,0,NULL,,winBeatDevLocal,0,2016-09-14 15:01:52.717,0
904,,2B083B9E-0CBC-4F31-94BA-11C2E572EF50,BLACK FOREST BUILDING PTY LTD,,64155177487,,,0414415733,michael@blackforestbuilding.com.au,,30 Antonia Crescent,,CRANEBROOK,2749,NSW,30 Antonia Crescent,,CRANEBROOK,2749,NSW,0,1,.NA,.NA,IRECON,0,4,2,2016-09-15 00:00:00.000,0,NULL,,winBeatDevLocal,0,2016-09-15 17:22:28.363,0
905,,49C65703-AAD4-4A3F-9AED-369E707BC6F8,G F JAMES PTY LTD,G F JAMES PTY LTD,37002814217,0296491099,,0428868053,info@gfjamesplumbing.com.au,,69 Jellicoe Street,,LIDCOMBE,2141,NSW,69 Jellicoe Street,,LIDCOMBE,2141,NSW,0,1,.NA,.NA,IRECON,0,4,2,2016-09-15 00:00:00.000,0,NULL,,winBeatDevLocal,0,2016-09-15 17:34:13.370,0
906,,6DCA12E6-E5AF-4881-B391-BC354440E1FD,Black Projects Pty Ltd,,28156281739,0411878009,,,jb013@yahoo.com,,11 Nimmitabel Street,,QUEANBEYAN,2620,NSW,11 Nimmitabel Street,,QUEANBEYAN,2620,NSW,0,1,.NA,.NA,IRECON,0,4,2,2016-09-16 00:00:00.000,0,NULL,,winBeatDevLocal,0,2016-09-16 17:05:10.700,0
907,,D06163C9-A78F-4D60-A42C-69A7612CB4C6,PASSIVE FIRST PTY LTD,,65135369309,0296663246,,0488666147,admin@passivefirst.com.au,,Unit 15/8-12 jullian Close,,BANKSMEADOW,2019,NSW,PO Box 7267,,ALEXANDRIA,2015,NSW,0,1,.NA,.NA,IRECON,0,4,2,2016-09-19 00:00:00.000,0,NULL,,winBeatDevLocal,0,2016-09-19 15:12:33.863,0
908,,A588753E-661A-4D20-AE5C-08B3ED879142,M J BANKS HYDRAULICS PTY LTD,,37138578873,,,0434995173,mbanks@mjbankshydraulics.com.au,,94 Wee Waa Street,,BOGGABRI,2382,NSW,PO Box 7,,GUNNEDAH,2380,NSW,0,1,.NA,.NA,IRECON,0,4,2,2016-09-22 00:00:00.000,0,NULL,,winBeatDevLocal,0,2016-09-22 10:25:08.653,0
909,,866A5B34-B970-42D6-A914-9E274679ACFB,O2 CONSTRUCTIONS PTY LTD,,60162557315,0434407933,,0434407933,nick@o2constructions.com.au,,22a Elimatta Road,,MONA VALE,2103,NSW,22a Elimatta Road,,MONA VALE,2103,NSW,0,1,.NA,.NA,IRECON,0,4,2,2016-09-26 00:00:00.000,0,NULL,,winBeatDevLocal,0,2016-09-26 10:39:42.280,0
910,,BA20DA8B-2EE3-4D4C-8DB7-DD3256CB578E,GOLDEN LINKS CONSTRUCTION PTY LTD,,92161755111,,,0408891888,goldenlinks888@gmail.com,,Unit 48,11-21 Underwood Road,HOMEBUSH,2140,NSW,Unit 48,11-21 Underwood Road,HOMEBUSH,2140,NSW,0,1,.NA,.NA,IRECON,0,4,2,2016-09-26 00:00:00.000,0,NULL,,winBeatDevLocal,0,2016-09-26 16:03:21.657,0
911,,741EECC1-B320-4F12-BF47-466EA89DAFB9,A MACCIONI & B.I MACCIONI & J.A MACCIONI,,32556573104,0296705044,,0408639309,galaxiet@bigpond.com,,3 Shamrock Court,,ST CLAIR,2759,NSW,3 Shamrock Court,,ST CLAIR,2759,NSW,0,1,.NA,.NA,IRECON,0,3,2,2016-10-04 00:00:00.000,0,NULL,,winBeatDevLocal,0,2016-10-04 13:28:18.970,0
912,,08A42BB3-6BAD-4155-AA94-87CF80F7F336,DANIEL  WELCH,,56597682904,0417123633,,,dwcarpentry@ymail.com,,23 Third Avenue,,LOFTUS,2232,NSW,23 Third Avenue,,LOFTUS,2232,NSW,0,1,.NA,.NA,IRECON,0,2,2,2016-10-04 00:00:00.000,0,NULL,,winBeatDevLocal,0,2016-10-04 13:48:34.323,0
913,,0B3484A3-53FA-4DFA-B61E-30C535F94089,AMN CONSTRUCTIONS PTY LTD,,98090767623,,,0402189149,chady@citywideconstructions.com.au,,175 Thompson Street,,DRUMMOYNE,2047,NSW,175 Thompson Street,,DRUMMOYNE,2047,NSW,0,1,.NA,.NA,IRECON,0,4,2,2016-10-07 00:00:00.000,0,NULL,,winBeatDevLocal,0,2016-10-07 08:00:31.833,0
914,,684A315E-59A5-48F2-9438-EA643FED7558,VARDANEGA BUILDING PTY LTD,,71164644740,0428293606,,,sensw@greenhomesaustralia.com.au,,285 Little River Road,,BRAIDWOOD,2622,NSW,285 Little River Road,,BRAIDWOOD,2622,NSW,0,1,.NA,.NA,IRECON,0,4,2,2016-10-07 00:00:00.000,0,NULL,,winBeatDevLocal,0,2016-10-07 13:30:35.797,0
915,,F3692481-5932-4EE1-91DF-95ACE96DEC5E,MAHMOOD WALY WAIZI,,44655706886,0432766833,,,sydneypaintersaj@gmail.com,,30/2-10 Susan Street,,AUBURN,2144,NSW,30/2-10 Susan Street,,AUBURN,2144,NSW,0,1,.NA,.NA,IRECON,0,2,2,2016-10-12 00:00:00.000,0,NULL,,winBeatDevLocal,0,2016-10-12 10:56:38.353,0
916,,E6DAD9A3-ABFF-45DB-A273-58F74E243F2F,CIVION CONSTRUCTION PTY LTD,,55127408584,0262281538,,0421800375,info@civionconstruction.com,,U4, 27-29 Kembla Street,,FYSHWICK,2609,ACT,U4, 27-29 Kembla Street,,FYSHWICK,2609,ACT,0,1,.NA,.NA,IRECON,0,4,2,2016-10-19 00:00:00.000,0,NULL,,winBeatDevLocal,0,2016-10-19 09:46:19.990,0
917,,9E5089DA-09F8-48C2-A0E2-5EC22D8BA3CB,CONSTRUCTION PROFILE PTY LTD,,75166446635,02 92801121,,0411 420 128,Neil.Denton@constructionprofile.com.au,,GO5,53 Great Buckingham Street,REDFERN,2016,NSW,GO5,53 Great Buckingham Street,REDFERN,2016,NSW,0,1,.NA,.NA,IRECON,0,4,2,2016-10-21 00:00:00.000,0,NULL,,winBeatDevLocal,0,2016-10-21 14:05:08.757,0
918,,812C5695-F904-460E-B88A-946B7F3E9F42,COPDELL GROUP PTY. LTD.,,38608793166,,,0406754485,admin@BelleLifestyleHomes.com.au,,20 Young Circuit,,ELDERSLIE,2570,NSW,PO Box 49,,NARELLAN,2567,NSW,0,1,.NA,.NA,IRECON,0,4,2,2016-11-02 00:00:00.000,0,NULL,,winBeatDevLocal,0,2016-11-02 12:31:14.527,0
919,,605E9B35-ECE2-477D-BB23-C25D1BBF8CE4,SURE FIRE SERVICES PTY LTD,,44167324978,,,0431295451,accounts@surefireservices.com.au,,20 Kirkstone Road,Wheeler Heights,WHEELER HEIGHTS,2097,NSW,20 Kirkstone Road,Wheeler Heights,WHEELER HEIGHTS,2097,NSW,0,1,.NA,.NA,IRECON,0,4,2,2016-11-03 00:00:00.000,0,NULL,,winBeatDevLocal,0,2016-11-03 13:41:23.523,0
920,,85D88C9D-3B20-43A9-BDB4-9FBBF40C4847,SYDNEY PAINTING SERVICES PTY LTD,,35133635337,0431698683,,0431698683,franktizfahm@yahoo.com.au,,4/33-35 Bathrust Street,,LIVERPOOL,2170,NSW,4/33-35 Bathrust Street,,LIVERPOOL,2170,NSW,0,1,.NA,.NA,IRECON,0,4,2,2016-12-01 00:00:00.000,0,NULL,,winBeatDevLocal,0,2016-12-01 14:07:25.413,0
921,,28EB81A0-5967-4C9B-9C02-3355F3EE78E1,DECODE SYDNEY PTY LTD,DECODE SYDNEY PTY LTD,84125926409,0296951778,,0413345048,deepa.l@decodegroup.com.au,,Level 5,619 Pacific Highway,CROWS NEST,2065,NSW,Level 5,619 Pacific Highway,CROWS NEST,2065,NSW,0,1,.NA,.NA,IRECON,0,4,2,2016-12-20 00:00:00.000,0,NULL,,winBeatDevLocal,0,2016-12-20 15:19:36.423,0
922,,FFCFD52B-CB70-4466-9D59-7D073E4B7CD0,PRIME CONSTRUCTION GROUP PTY LTD,,84155736413,,,0404222333,sam@primecg.com.au,,47 Union Road,,AUBURN,2144,NSW,47 Union Road,,AUBURN,2144,NSW,0,1,.NA,.NA,IRECON,0,4,2,2016-12-20 00:00:00.000,0,NULL,,winBeatDevLocal,0,2016-12-20 15:33:21.097,0
923,,45B45039-FD95-4CF7-AD4E-D5989D7B4809,Venari Projects PTY LIMITED,,33615089257,0438473173,,0411316304,ghunt@venariprojects.com.au,,172 Birrell Street,,BONDI JUNCTION,2022,NSW,172 Birrell Street,,BONDI JUNCTION,2022,NSW,0,1,.NA,.NA,IRECON,0,4,2,2016-12-21 00:00:00.000,0,NULL,,winBeatDevLocal,0,2016-12-21 15:34:05.673,0
924,,FFDD65ED-9E00-440A-A6AD-B8344BEA0A82,TUFTAK PTY LTD,TUFTAK PTY LTD,71090477900,0243674165,,0408433378,tuftak2@bigpond.com,,118 COACHWOOD ROAD,,MATCHAM,2250,NSW,118 COACHWOOD ROAD,,MATCHAM,2250,NSW,0,1,.NA,.NA,IRECON,1,4,2,2017-01-17 00:00:00.000,0,NULL,,winBeatDevLocal,0,2017-01-17 10:41:12.603,0
925,,978BD285-81DA-4341-A836-B52050942D9A,RAYMOND FRANCIS SHERIDAN,R F SHERIDAN,38396794836,,,0402547936,raysheridan111@gmail.com,,1882 Waterfall Way,,BELLINGEN,2454,NSW,1882 Waterfall Way,,BELLINGEN,2454,NSW,0,1,.NA,.NA,IRECON,0,2,2,2017-02-07 00:00:00.000,0,NULL,,winBeatDevLocal,0,2017-02-07 10:26:11.893,0
926,,4F99467D-B9E9-4B82-AF74-B7D8C4154DB9,In Style Patios And Decks Pty Ltd,,77152619933,,,0421492283,admin@instylepatios.com.au,,13 Auk Avenue,,BURLEIGH BC,4220,QLD,13 Auk Avenue,,BURLEIGH BC,4220,QLD,0,1,.NA,.NA,IRECON,0,4,2,2017-02-20 00:00:00.000,0,NULL,,winBeatDevLocal,0,2017-02-20 08:59:04.933,0
927,,A2DFA30C-BEE7-473B-AF79-816E4FA72009,EDILCO PTY LTD,,64169452064,,,0420314101,bibek@edilco.com.au,,20 Fisher Avenue,,NORTH WAHROONGA,2076,NSW,20 Fisher Avenue,,NORTH WAHROONGA,2076,NSW,0,1,.NA,.NA,IRECON,0,4,2,2017-02-20 00:00:00.000,0,NULL,,winBeatDevLocal,0,2017-02-20 09:34:32.513,0
928,,029A6A2B-3D53-4DF6-866C-AFDC6B0E5EA5,JADA BUILDING PROJECTS PTY LIMITED,,93158313047,,,0404077955,david@jadabuilding.com.au,,6 Bidgee Close,,MURRUMBATEMAN,2582,NSW,6 Bidgee Close,,MURRUMBATEMAN,2582,NSW,0,1,.NA,.NA,IRECON,0,4,2,2017-02-21 00:00:00.000,0,NULL,,winBeatDevLocal,0,2017-02-21 13:26:28.217,0
929,,399CF919-5FB9-4B0F-97BD-0787DE1D129F,WHITE CONSTRUCTION PTY. LIMITED,,99056688567,0419128288,,,whiteconstruction@hotmail.com,,33 Anzac Avenue,,COLLAROY,2097,NSW,33 Anzac Avenue,,COLLAROY,2097,NSW,0,1,.NA,.NA,IRECON,0,4,2,2017-02-24 00:00:00.000,0,NULL,,winBeatDevLocal,0,2017-02-24 12:19:09.243,0
930,,735D9721-F01E-4275-8F6C-244D97251705,S.I.G. CONSTRUCTIONS PTY LTD,,39060464815,,,0414494783,admin@sigconstructions.com.au,,395 Mayfarm Road,,BROWNLOW HILL,2570,NSW,395 Mayfarm Road,,BROWNLOW HILL,2570,NSW,0,1,.NA,.NA,IRECON,0,4,2,2017-03-06 00:00:00.000,0,NULL,,winBeatDevLocal,0,2017-03-06 09:44:49.383,0
931,,2C5185C1-AB50-4DA2-BF23-E469703E4422,EZY PROJECTS PTY LTD,,34608585351,0424572430,,0424572430,accounts@ezyprojects.com.au,,3/9 Park Road,,FIVE DOCK,2046,NSW,3/9 Park Road,,FIVE DOCK,2046,NSW,0,1,.NA,.NA,IRECON,0,4,2,2017-03-21 00:00:00.000,0,NULL,,winBeatDevLocal,0,2017-03-21 12:15:32.327,0
932,,6784F6D9-BA66-442D-82A8-B28AF0BE7A5D,JIG INDUSTRIES PTY LTD,Nick Aslanidis,26064897552,47396856,,0414449098,nickaslandis@tpg.com.au,,5 Olympic Parade,,MOUNT RIVERVIEW,2774,NSW,,,,,,0,1,.NA,.NA,IRECON,0,2,2,2017-03-29 00:00:00.000,0,NULL,,winBeatDevLocal,0,2017-03-29 08:40:14.977,0
933,,DDFA335F-7E01-40C7-AF94-2CA571B543DE,G J CLARK CONSTRUCTIONS PTY LTD,,31002947926,0419995604,,,g.j.clark@bigpond.com,,44 Cedar Wood Lane,Bobs Creek,BOBS CREEK,2443,NSW,44 Cedar Wood Lane,Bobs Creek,BOBS CREEK,2443,NSW,0,1,.NA,.NA,IRECON,0,4,2,2017-03-30 00:00:00.000,0,NULL,,winBeatDevLocal,0,2017-03-30 12:40:08.477,0
934,,C25DB787-FD4C-48CC-87F1-80F0688AEB6C,LEYLAND BROTHERS WATERPROOFING (AUST) PTY LTD,LEYLAND BROTHERS WATERPROOFING (AUST) PTY LTD,35073458018,0412 374 730,,,davidlbw@hotmail.com,,5 Ocean Road,,PALM BEACH,2108,NSW,5 Ocean Road,,PALM BEACH,2108,NSW,0,1,.NA,.NA,IRECON,0,4,2,2017-03-31 00:00:00.000,0,NULL,,winBeatDevLocal,0,2017-03-31 15:32:22.827,0
935,,4B547F9F-D281-4469-8A3F-BF28BFEF9340,ILLUKA CONSTRUCTIONS PTY LTD,,46124436648,0299863779,,0424198859,scott@illuka.com.au,,Unit 1, 26-30 Tepko Road,,TERREY HILLS,2084,NSW,Unit 1, 26-30 Tepko Road,,TERREY HILLS,2084,NSW,0,1,.NA,.NA,IRECON,0,4,2,2017-04-07 00:00:00.000,0,NULL,,winBeatDevLocal,0,2017-04-07 15:14:58.427,0
936,,7255657F-CBA5-4E92-A815-65C2E12248E6,The trustee for Signoretti Homes & Design Trust,,18157235243,,,0410685364,michael@signorettihomes.com.au,,13 Cameron Circuit,,HARRINGTON PARK,2567,NSW,13 Cameron Circuit,,HARRINGTON PARK,2567,NSW,0,1,.NA,.NA,IRECON,0,5,2,2017-05-05 00:00:00.000,0,NULL,,winBeatDevLocal,0,2017-05-05 12:24:41.290,0
937,,4A55C239-12FE-4B9B-8D1D-C7ACAFE02C44,FLEETWOOD CORPORATION LIMITED,FLEETWOOD CORPORATION LIMITED,69009205261,0893233314,,,yanyao@fleetwood.com.au,,21 Regal Place,,EAST PERTH,6004,WA,21 Regal Place,,EAST PERTH,6004,WA,0,1,.NA,.NA,IRECON,0,4,2,2017-06-07 00:00:00.000,0,NULL,,winBeatDevLocal,0,2017-06-07 14:42:41.250,0
938,,BEA28630-C322-41D0-AA50-3DD16A0A54E2,SAROV CONSTRUCTIONS PTY. LTD.,,35614254081,0466233232,,0466233232,maurice.alan@gmail.com,,43 Lennartz Street,,CROYDON PARK,2133,NSW,43 Lennartz Street,,CROYDON PARK,2133,NSW,0,1,.NA,.NA,IRECON,0,4,2,2017-06-22 00:00:00.000,0,NULL,,winBeatDevLocal,0,2017-06-22 10:13:40.223,0
939,,EBF7FBA8-934A-4222-B493-858385DD246A,Bradfield Capital Pty Ltd,,12134964471,0405505981,,0405505981,bradfieldcapital@gmail.com,,3 Atlantis Crescent,,GREGORY HILLS,2557,NSW,3 Atlantis Crescent,,GREGORY HILLS,2557,NSW,0,1,.NA,.NA,IRECON,0,4,2,2017-06-30 00:00:00.000,0,NULL,,winBeatDevLocal,0,2017-06-30 11:18:13.617,0
940,,1EBA0027-368A-4B5F-A270-B3DCE1B0DD21,DESIGNER LIVING HOMES (NSW) PTY LTD,,73613973694,0415363376,,0415363376,michael@designerlivinghomesnsw.com.au,,13 Cameron Circuit,,HARRINGTON PARK,2567,NSW,13 Cameron Circuit,,HARRINGTON PARK,2567,NSW,0,1,.NA,.NA,IRECON,0,4,2,2017-07-18 00:00:00.000,0,NULL,,winBeatDevLocal,0,2017-07-18 11:14:39.547,0
941,,28979B5A-A6D5-46F3-AACA-F2269851E3D5,KI BUILDING SERVICES PTY LTD,,72162777700,0405504450,,0405504450,akkouche@live.com.au,,77A Batt St,,SEFTON,2162,NSW,77A Batt St,,SEFTON,2162,NSW,0,1,.NA,.NA,IRECON,0,4,2,2017-07-18 00:00:00.000,0,NULL,,winBeatDevLocal,0,2017-07-18 14:30:10.143,0
942,,BE2B78D5-2F39-4AF0-AAA9-A838CBE87601,ANTRO PROPERTY GROUP PTY LTD,,49616476049,0424234042,,0424234042,antropropertygroup@gmail.com,,3 Cleveland Close,,ROUSE HILL,2155,NSW,3 Cleveland Close,,ROUSE HILL,2155,NSW,0,1,.NA,.NA,IRECON,0,4,2,2017-07-20 00:00:00.000,0,NULL,,winBeatDevLocal,0,2017-07-20 09:20:49.957,0
943,,E54BD448-43D8-4707-B43F-F3464223CA0F,GPM CONSTRUCTIONS PTY LTD,,66088490591,02 98826901,,02 98826901,judy@gpmconstructions.com.au,,11/28 Barcoo Street,,ROSEVILLE,2069,NSW,11/28 Barcoo Street,,ROSEVILLE,2069,NSW,0,1,.NA,.NA,IRECON,0,4,2,2017-07-25 00:00:00.000,0,NULL,,winBeatDevLocal,0,2017-07-25 13:19:47.500,0
944,,A0A33CB7-2B60-43C3-9851-DF315BE87747,MUSTAPHA  DIB,,73926824347,,,0400009127,saada.dib@optusnet.com.au,,7 Clingan Ave ,,LURNEA,2170,NSW,7 Clingan Ave ,,LURNEA,2170,NSW,0,1,.NA,.NA,IRECON,0,2,2,2017-08-04 00:00:00.000,0,NULL,,winBeatDevLocal,0,2017-08-04 10:20:37.687,0
945,,66015D23-2753-432A-89C1-231E44390D25,CHASE P PTY LTD,,27604877198,02 8964 1140,,,julie@chaseprojects.com.au,,5 Farnell Street,,BROOKVALE,2100,NSW,5 Farnell Street,,BROOKVALE,2100,NSW,0,1,.NA,.NA,IRECON,0,4,2,2017-08-10 00:00:00.000,0,NULL,,winBeatDevLocal,0,2017-08-10 11:46:59.313,0
946,,3FB61D49-9D79-411B-82C9-1CB72938A539,FRANCESCO  FRUSTACI,,98961848703,0431176488,,,frank_build@hotmail.com;jacquifellew@iinet.net.au,,20 Woodcourt Road ,,BEROWRA HEIGHTS,2082,NSW,20 Woodcourt Road ,,BEROWRA HEIGHTS,2082,NSW,0,1,.NA,.NA,IRECON,0,2,2,2017-08-29 00:00:00.000,0,NULL,,winBeatDevLocal,0,2017-08-29 10:29:08.253,0
947,,9807C37D-C265-48E6-A01B-E1B8635403C0,PATIALA HOMES PTY LTD,,94620523346,02 88096849,,0438488142,patialahomes@gmail.com,,1 Ainsley Ave,Glendenning,GLENDENNING,2761,NSW,,,,,,0,1,.NA,.NA,IRECON,0,4,2,2017-09-19 00:00:00.000,0,NULL,,winBeatDevLocal,0,2017-09-19 10:36:41.007,0
948,,873905B0-BAFE-4B18-A406-8E866A2295F2,SHILOH HOMES PTY LTD,,38618181865,,,0409785013,dvdroshan@yahoo.com.au,,90 Crane Road,Castle Hill,CASTLE HILL,2154,NSW,90 Crane Road,Castle Hill,CASTLE HILL,2154,NSW,0,1,.NA,.NA,IRECON,0,4,2,2017-09-21 00:00:00.000,0,NULL,,winBeatDevLocal,0,2017-09-21 11:05:31.813,0
949,,741CD7CC-0269-4D79-9FDE-25A0DBE4FCC4,RUTTLEY PLUMBING PTY LTD,,30159664767,99047700,,0416259889,mick@ruttleyplumbing.com.au,,13 Gibbes St,,CHATSWOOD,2067,NSW,13 Gibbes St,,CHATSWOOD,2067,NSW,0,1,.NA,.NA,IRECON,0,4,2,2017-09-27 00:00:00.000,0,NULL,,winBeatDevLocal,0,2017-09-27 10:11:50.960,0
950,,7DBFDEA6-2273-46E6-ACA5-5403F5471024,CAPITAL HOMES NSW PTY LTD,,38159228127,,,0419600696,capitalhomesnsw01@hotmail.com,,60 Longhurst St ,,ORAN PARK,2570,NSW,PO BOX 730,,NARELLAN,2567,NSW,0,1,.NA,.NA,IRECON,0,4,2,2017-10-03 00:00:00.000,0,NULL,,winBeatDevLocal,0,2017-10-03 14:58:04.467,0
951,,95C65FE6-501A-4BC4-8988-7A77378701B0,TOTAL FINISH BUILDING SERVICES PTY LTD,,71159474521,95318999,81178139,,accounts@totalfinish.com.au,,60 Woodfield Blvd,,CARINGBAH,2229,NSW,60 Woodfield Blvd,,CARINGBAH,2229,NSW,0,1,.NA,.NA,MUTUAL,0,4,2,2017-10-04 00:00:00.000,0,NULL,,winBeatDevLocal,0,2017-10-04 06:39:32.020,0
952,,5EC3AEC3-1D68-443A-AE99-76E8BF9ACDE5,D & J (AUSTRALIA) PTY LTD,,70124501033,02 83879295,,0403613162,david@dandjgroup.com.au,,27/1 Slough Ave,,SILVERWATER,2128,NSW,PO Box 130,,PENSHURST,2222,NSW,0,1,.NA,.NA,MUTUAL,0,4,2,2017-10-04 00:00:00.000,0,NULL,,winBeatDevLocal,0,2017-10-04 06:49:46.720,0
953,,CF0FAD63-A274-49DB-91DB-0C77B2D5B1CA,D & J CONSTRUCTION GROUP PTY LTD,,90163575684,02 83879295,,0403613162,david@dandjgroup.com.au,,27/2 Slough Ave,,SILVERWATER,2128,NSW,PO Box 130,,PENSHURST,2222,NSW,0,1,.NA,.NA,MUTUAL,0,4,2,2017-10-04 00:00:00.000,0,NULL,,winBeatDevLocal,0,2017-10-04 06:56:28.643,0
954,,CC7DE3CA-83F7-48F8-9C3F-480AAE9ECA72,MICHAEL  DURICIC,M.D. CONSTRUCTION SERVICES,58618824528,96070965,,0418622195,michaelduricic@gmail.com,,177 Flynn Ave,,MIDDLETON GRANGE,2171,NSW,177 Flynn Ave,,MIDDLETON GRANGE,2171,NSW,0,1,.NA,.NA,MUTUAL,0,2,2,2017-10-04 00:00:00.000,0,NULL,,winBeatDevLocal,0,2017-10-04 07:02:22.227,0
955,,1544A7A1-B0DA-4E27-A9D9-D60B213BF259,Kenro Building Group Pty Ltd,Kenro Buliding Group Pty Ltd,93128572725,02 62393211,02 62393226,,info@kenroservices.com.au,,20 Isa St,,FYSHWICK,2609,ACT,PO Box 654,,FYSHWICK,2609,ACT,0,1,.NA,.NA,MUTUAL,0,4,2,2017-10-04 00:00:00.000,0,NULL,,winBeatDevLocal,0,2017-10-04 07:10:03.163,0
956,,0693A34D-19C4-46A6-AB5D-403D3EBF5D1A,DRAGAN BUILD HOMES PTY LTD,,85135288836,,,,dragan07@live.com.au,,7 Vera Ct ,,MUDGEE,2850,NSW,7 Vera Ct ,,MUDGEE,2850,NSW,0,1,.NA,.NA,MUTUAL,0,4,2,2017-10-04 00:00:00.000,0,NULL,,winBeatDevLocal,0,2017-10-04 07:15:09.703,0
957,,70FF7574-835C-48AA-B5AF-6B694DC92F9F,AFFINITY CONSTRUCTIONS AUSTRALIA PTY LTD,,13161165966,02 62808240,02 62808059,,info@affinityconstructions.com.au,,1/45 Gladstone St,,FYSHWICK,2609,ACT,PO Box 753,,FYSHWICK,2609,ACT,0,1,.NA,.NA,MUTUAL,0,4,2,2017-10-04 00:00:00.000,0,NULL,,winBeatDevLocal,0,2017-10-04 07:20:26.297,0
958,,8F9C845D-5EDB-457F-B9B5-F541A6E25485,CONCREST DEVELOPMENT PTY LTD,,74077979769,,,,info@concrest.com.au,,Suite 2A, 55 Mentmore Ave,,ROSEBERY,2018,NSW,PO Box 20765,World Square PO,SYDNEY,2000,NSW,0,1,.NA,.NA,MUTUAL,0,4,2,2017-10-04 00:00:00.000,0,NULL,,winBeatDevLocal,0,2017-10-04 07:26:19.980,0
959,,247473A7-C331-477B-8EEA-6DE5CE7AEBFA,BLUEPRINT PROJECTS PTY LTD,,30604941942,,,0417042247,grante@blueprintbuilders.com.au,,50 Jocelyn Street,,NORTH CURL CURL,2099,NSW,50 Jocelyn Street,,NORTH CURL CURL,2099,NSW,0,1,.NA,.NA,MUTUAL,0,4,2,2017-10-04 00:00:00.000,0,NULL,,winBeatDevLocal,0,2017-10-04 07:32:00.767,0
960,,2905B04F-7361-4B2F-9BE9-2D0245A841FB,PATRICK  MCELHINNEY,PATRICK MCELHINNEY,38542415027,,,,,,80 Howe St,,JESMOND,2299,NSW,80 Howe St,,JESMOND,2299,NSW,0,1,.NA,.NA,IRECON,0,2,2,2017-10-04 00:00:00.000,0,NULL,,winBeatDevLocal,0,2017-10-04 11:29:00.753,0
961,,AFAC2FB9-9002-4F44-9A5E-DA284B6F5983,RWP CONSTRUCTIONS PTY. LTD.,,55618345556,,,0448850000,ryan@rwpconstructions.com.au,,25 King St ,,URANQUINTY,2652,NSW,25 King St ,,URANQUINTY,2652,NSW,0,1,.NA,.NA,IRECON,0,4,2,2017-10-04 00:00:00.000,0,NULL,,winBeatDevLocal,0,2017-10-04 13:56:42.900,0
962,,0BED2843-3C6E-46C3-947C-8C606E955916,DARTANYON PTY LIMITED,,79078565714,02 46475251,02 46475366,,info@dartanyon.com.au,,Suite 5, Level 1,23 Fairwater Dr,HARRINGTON PARK,2567,NSW,,,,,,0,1,.NA,.NA,IRECON,0,4,2,2017-10-04 00:00:00.000,0,NULL,,winBeatDevLocal,0,2017-10-04 14:25:23.103,0
963,,DE201DDC-B09A-4C96-8B7E-583A2654C65C,The Trustee for ABRIL BUILDING SOLUTIONS,,34183186078,0295591479,,0418477267,caitlin@abril.com.au,,Unit 5,96A Rogers Street,ROSELANDS,2196,NSW,Unit 5,96A Rogers Street,ROSELANDS,2196,NSW,0,1,.NA,.NA,BATEMANS B,0,5,2,2017-10-05 00:00:00.000,0,NULL,,winBeatDevLocal,0,2017-10-05 08:55:10.480,0
964,,AAF5FA66-F494-4ADA-BDCB-373F3F5E9DE8,LE SOMMET PTY. LTD.,,47614521872,98389303,,0411628068,nextcharter@hotmail.com,,Unit 36, 37-39 O'Donnell Street,,NORTH BONDI,2026,NSW,Unit 36, 37-39 O'Donnell Street,,NORTH BONDI,2026,NSW,0,1,.NA,.NA,MUTUAL,0,4,2,2017-10-05 00:00:00.000,0,NULL,,winBeatDevLocal,0,2017-10-05 08:57:01.330,0
965,,55D8072B-8404-4C0E-B262-9DE725D037D1,ALLCLEAR CONSTRUCTIONS PTY LTD,,40105320983,,,,roy@customcarpets.com.au,,330 Parramatta Rd,,HOMEBUSH WEST,2140,NSW,,,,,,0,1,.NA,.NA,MUTUAL,0,4,2,2017-10-10 00:00:00.000,0,NULL,,winBeatDevLocal,0,2017-10-10 08:24:46.073,0
966,,6F83B8DC-79C4-426C-9FF4-BFBF56FDE3B9,Bairstone No2 PTY LTD,,53196886239,02 62970864,,,,,First Floor 24-26 Aurora Avenue,,QUEANBEYAN,2620,NSW,,,,,,0,1,.NA,.NA,MUTUAL,0,5,2,2017-10-10 00:00:00.000,0,NULL,,winBeatDevLocal,0,2017-10-10 08:32:46.423,0
967,,ABD68202-0B0D-4A7B-8DC7-31805E00390A,Landescape Outdoor Creations Pty Ltd,,,0468479470,,0432835557,info@landescapeoc.com.au;april_cassidy@hotmail.com,,90 Manor Rd,,HORNSBY,2077,NSW,90 Manor Rd,,HORNSBY,2077,NSW,0,1,.NA,.NA,IRECON,0,1,2,9999-12-31 00:00:00.000,0,NULL,,winBeatDevLocal,0,2017-10-19 08:15:35.053,0
968,,904235AF-F54E-493B-9A8E-731217DF8F10,Regal Homes (Aust) PTY LTD,,51008058231,02 62392360,,,admin@regalhomes.com.au,,Unit 9, 41/45 Tennnant St ,,FYSHWICK,2609,ACT,Unit 9, 41/45 Tennnant St ,,FYSHWICK,2609,ACT,0,1,.NA,.NA,ALLINSURE,0,2,2,9999-12-31 00:00:00.000,0,NULL,,winBeatDevLocal,0,2017-10-20 12:24:51.460,0
969,,B8006F4F-B867-4925-B2F0-E4A158DC3DB1,Group 1 Plumbing & Drainage Pty Ltd,,81610852714,,,0448999448,david@group1plumbing.com.au,,100 King Street,,MASCOT,2020,NSW,100 King Street,,MASCOT,2020,NSW,0,1,.NA,.NA,IRECON,0,2,2,9999-12-31 00:00:00.000,0,NULL,,winBeatDevLocal,0,2017-10-23 11:28:40.407,0
970,,84E06390-51BF-40BF-B7A0-AA9739B7D75F,Prebuilt PTY LTD,,76103794743,03 97615544,,,ian@prebuilt.com.au,,33 Garden St,,KILSYTH,3137,VIC,33 Garden St,,KILSYTH,3137,VIC,0,1,.NA,.NA,IA VIC,0,2,2,9999-12-31 00:00:00.000,0,NULL,,winBeatDevLocal,0,2017-10-25 13:56:00.427,0
971,,DFBAD237-8BB5-41B4-8D83-775919519729,Starlite Constructions PTY LIMITED,,,,,,bob@starliteconstructions.com,alei@iaa.net.au,79A Woodlands Ave,Lugarno,LUGARNO,2210,NSW,,,,,,0,1,.NA,.NA,BATEMANS B,0,1,2,9999-12-31 00:00:00.000,0,NULL,,winBeatDevLocal,0,2017-11-15 10:56:53.250,0
972,,D97B5E7A-B48C-4CDE-A1D9-F7AE46C059D5,Eye Constructions Australia Pty Ltd,,62167419829,,,0404122742,david@eyeconstructions.com.au,,6 Benda Street,,BELMORE,2192,NSW,6 Benda Street,,BELMORE,2192,NSW,0,1,.NA,.NA,BATEMANS B,0,2,10,9999-12-31 00:00:00.000,0,NULL,,winBeatDevLocal,0,2017-11-20 09:49:43.223,0
973,,CEF92C83-D6BC-4C96-BFAF-CAA95D97D978,A.C.G Homes Pty Limited,,92147438873,97260062,,,cjan@iaa.net.au,,30 Kurrara St  ,,LANSVALE,2166,NSW,30 Kurrara St  ,,LANSVALE,2166,NSW,0,1,.NA,.NA,BATEMANS B,0,4,2,9999-12-31 00:00:00.000,0,NULL,,winBeatDevLocal,0,2017-11-22 10:27:49.753,0
974,,63B09E4D-3147-4C6B-9AE7-C94FE8C7EFBF,SD Building Solutions PTY LTD,,33614110691,94123088,,,alei@iaa.net.au,,13 Kareela Rd,,CHATSWOOD,2067,NSW,13 Kareela Rd,,CHATSWOOD,2067,NSW,0,1,.NA,.NA,BATEMANS B,0,4,2,9999-12-31 00:00:00.000,0,NULL,,winBeatDevLocal,0,2017-11-22 10:55:00.610,0
975,,9490194F-E698-4ADF-A79C-144AE68EFCE4,GUANG YANG PTY LTD,,80153781929,,,,gy.construction@outlook.com,,49 Stanley Rd,,EPPING,2121,NSW,49 Stanley Rd,,EPPING,2121,NSW,0,1,.NA,.NA,BATEMANS B,0,2,2,9999-12-31 00:00:00.000,0,NULL,,winBeatDevLocal,0,2017-11-22 14:18:52.460,0
976,,77EBC776-9174-4453-AF9A-DFD3F6BAD9CC,Michael Vernon Kirkwood,,,,,0488584191,wreckers1@kooee.com.au,,36 Gould Rd,,COFFS HARBOUR,2450,NSW,36 Gould Rd,,COFFS HARBOUR,2450,NSW,0,1,.NA,.NA,IRECON,0,1,2,9999-12-31 00:00:00.000,0,NULL,,winBeatDevLocal,0,2017-12-06 09:30:13.840,0
977,,4324D379-DDF0-4CDB-A18E-433ABBFE459C,Raimo Kalervo Kasurinen,KKS Waterproofing ,78131359220,0262807444,,,kksaust@bigpond.net.au,,Unit5/ 82-85 Townsville Street,,FISHER,2611,ACT,Unit5/ 82-85 Townsville Street,,FISHER,2611,ACT,0,1,.NA,.NA,IRECON,0,2,2,9999-12-31 00:00:00.000,0,NULL,,winBeatDevLocal,0,2017-12-19 11:12:35.680,0
978,,0A5A3538-47DC-4BA2-835C-85ADC20B6A87,GDB EXCAVATION AND LANDSCAPING,GDB EXCAVATION AND LANDSCAPING,22603892146,,,0427192149,gdbexcavationsandlandscaping@outlook.com,,92 Parker St,,BEGA,2550,NSW,92 Parker St,,BEGA,2550,NSW,0,1,.NA,.NA,IRECON,0,4,2,9999-12-31 00:00:00.000,0,NULL,,winBeatDevLocal,0,2017-12-19 14:21:43.863,0
979,,49D37990-520C-4116-9581-ED0E83F2DD5E,MTS CONTRACTORS PTY LTD,,46139610389,,,,admin@dixonhomesact.com.au,,8/289 Canberra Ave,,FYSHWICK,2609,ACT,8/289 Canberra Ave,,FYSHWICK,2609,ACT,0,1,.NA,.NA,IRECON,0,2,2,9999-12-31 00:00:00.000,0,NULL,,winBeatDevLocal,0,2018-01-09 15:49:53.140,0
980,,8763F90E-50A5-4DFE-9C5C-0221977DE083,Velson Pty Ltd,,19617925836,0246461500,,0404866877,jenny.rouland@velson.net.au,,Suite 26, 1 Elyard St,,NARELLAN,2567,NSW,Suite 26, 1 Elyard St,,NARELLAN,2567,NSW,0,1,.NA,.NA,IRECON,0,4,2,9999-12-31 00:00:00.000,0,NULL,,winBeatDevLocal,0,2018-01-16 13:31:46.870,0
981,,FACEF901-E2F0-4FE4-A9E9-DB01E1C02FC4,Meridian Air Conditioning,,18610889793,,,0448887915,raphael@meridianairconditioning.com,,1/44 Westbourne St,,DRUMMOYNE,2047,NSW,1/44 Westbourne St,,DRUMMOYNE,2047,NSW,0,1,.NA,.NA,IRECON,0,2,2,9999-12-31 00:00:00.000,0,NULL,,winBeatDevLocal,0,2018-02-06 10:09:37.273,0
982,,E6C9A807-C61D-4030-9434-417ACF3A2B84,Pro Point PTY LTD,,76614622874,,,0416409137,mitch@propointgroup.com.au,,39 Wilson Rd,,BARDWELL VALLEY,2207,NSW,39 Wilson Rd,,BARDWELL VALLEY,2207,NSW,0,1,.NA,.NA,IRECON,0,4,2,9999-12-31 00:00:00.000,0,NULL,,winBeatDevLocal,0,2018-02-16 09:59:39.040,0
983,,5CE9B46A-30A3-4EE2-840F-35FBE8C2205D,M.A.D. Construction and Development Pty Ltd,,11614676069,,,0416015154,danielledubois@bigpond.com,,46 Park Avenue,,AVALON BEACH,2107,NSW,46 Park Avenue,,AVALON BEACH,2107,NSW,0,1,.NA,.NA,AHP,0,4,2,9999-12-31 00:00:00.000,0,NULL,,winBeatDevLocal,0,2018-02-23 10:12:54.930,0
984,,BB5E9AFE-6717-4EBD-84B0-97C294CEE5A7,Canberra Building Solutions PTY LTD,,84607759866,0401766605,,0401766605,canberrabuildingsolutions@gmail.com,,Unit 22/156 Clive Stelle Ave,,MONASH,2904,ACT,Unit 22/156 Clive Stelle Ave,,MONASH,2904,ACT,0,1,.NA,.NA,MUTUAL,0,4,2,9999-12-31 00:00:00.000,0,NULL,,winBeatDevLocal,0,2018-03-07 12:41:44.237,0
985,,7BD4B6E5-DD47-4BDE-BA64-6E9C47240624,Sydney Roof Management Pty Ltd,,91607526910,,,0423765548,info@sydneyroofmanagement.com.au,,80A Waratah St,,MONA VALE,2103,NSW,80A Waratah St,,MONA VALE,2103,NSW,0,1,.NA,.NA,IRECON,0,4,2,9999-12-31 00:00:00.000,0,NULL,,winBeatDevLocal,0,2018-03-07 13:10:22.980,0
986,,FA91BD5F-E06E-4691-B413-B10AA08BE740,ENGAGE CONSTRUCTION PTY LTD,,41623841716,,,0423213053,nm@engageconstruction.com.au,,13/174 Brook Street,,COOGEE,2034,NSW,13/174 Brook Street,,COOGEE,2034,NSW,0,1,.NA,.NA,IRECON,0,4,2,2018-03-22 00:00:00.000,0,NULL,,winBeatDevLocal,0,2018-03-22 10:23:56.507,0
987,,A6A45A41-337C-4CDA-86DC-3862286C4000,CBD PROJECTS AUSTRALIA PTY LTD,CBD PROJECTS NSW PTY LIMITED,49105150481,,,0414654431,robert@cbdprojects.com.au,,Suite 201, L2 349 Pacific Highway,,NORTH SYDNEY,2060,NSW,Suite 201, L2 349 Pacific Highway,,NORTH SYDNEY,2060,NSW,0,1,.NA,.NA,IRECON,0,4,2,2018-03-22 00:00:00.000,0,NULL,,winBeatDevLocal,0,2018-03-22 14:02:38.293,0
988,,445A95B3-9EDB-42A3-A1FB-3FE5647DF199,TESKO HOMES PTY LTD,,15601585602,,,0404881495,antoni@teskohomes.com.au,,67 Westbury Circuit,,NICHOLLS,2913,ACT,67 Westbury Circuit,,NICHOLLS,2913,ACT,0,1,.NA,.NA,IRECON,0,4,2,2018-03-27 00:00:00.000,0,NULL,,winBeatDevLocal,0,2018-03-27 09:01:31.757,0
989,,59127FF7-9C1C-4C30-A500-0DF81691AE9E,CANBERRA RESIDENTIAL CONSTRUCTIONS PTY LTD,,69169723442,0422072452,,0422072452,mark@canberrarc.com.au,,43 Thorpe Avenue,,QUEANBEYAN,2620,NSW,43 Thorpe Avenue,,QUEANBEYAN,2620,NSW,0,1,.NA,.NA,ALLINSURE,0,4,2,2018-04-05 00:00:00.000,0,NULL,,winBeatDevLocal,0,2018-04-05 13:37:49.557,0
990,,26C3D307-3C57-4CBC-B3FD-B58C44FA0917,DESIGNBUILD PROJECT SERVICES PTY LTD,,72615066736,02 94370055,,0400451538,michael.odd@designbuildps.com,,Unit9, 4 Campbell St,,ARTARMON,2064,NSW,Unit9, 4 Campbell St,,ARTARMON,2064,NSW,0,1,.NA,.NA,IRECON,0,4,2,2018-04-11 00:00:00.000,0,NULL,,winBeatDevLocal,0,2018-04-11 10:29:22.197,0
991,,571733B4-1B4D-4F46-9C9A-D991582FB58D,BLOCKADE CONSTRUCTIONS PTY LIMITED,,65612451582,,,,,,Suite 309-351 Oran Park Dr,,ORAN PARK,2570,NSW,Suite 309-351 Oran Park Dr,,ORAN PARK,2570,NSW,0,1,.NA,.NA,IRECON,0,4,2,2018-04-17 00:00:00.000,0,NULL,,winBeatDevLocal,0,2018-04-17 11:44:49.000,0
992,,9EFBCCDE-69CE-4C87-83A1-A179C7DC31F1,Gilbert Yukei Chu,,,,,,alei@iaa.net.au,,105 Badajoz Rd,,NORTH RYDE,2113,NSW,105 Badajoz Rd,,NORTH RYDE,2113,NSW,0,1,.NA,.NA,BATEMANS B,0,1,2,9999-12-31 00:00:00.000,0,NULL,,winBeatDevLocal,0,2018-05-02 13:52:17.997,0
993,,805B277A-5353-43E5-8A20-C4D139813F30,Glen Berrigan,,,,,0421406715,Dezco@outlook.com.au,,15 Bourke St ,,ADAMSTOWN,2289,NSW,,,,,,0,1,.NA,.NA,IRECON,0,1,2,9999-12-31 00:00:00.000,0,NULL,,winBeatDevLocal,0,2018-05-03 10:25:17.107,0
994,,45697C39-68E5-46DF-AB6B-0E336994A6C8,The trustee for Griffin Projects Unit Trust,,84771582400,0262814045,,0400387635,stuart@grifcon.com.au,,193 Gilmore Rd,,QUEANBEYAN,2620,NSW,193 Gilmore Rd,,QUEANBEYAN,2620,NSW,0,1,.NA,.NA,IRECON,0,5,2,2018-05-10 00:00:00.000,0,NULL,,winBeatDevLocal,0,2018-05-10 12:20:49.397,0
995,,B24B046F-5AD9-4558-BC29-F997D762C841,CAWBOURNE CONSTRUCTIONS PTY LIMITED,,98109747980,02 46464500,02 46461756,,accounts@dickinsons.net.au,,The Exchange Suite 26,,1 Elyard St,NARELLAN,2567,NSW,PO Box 883,,NARELLAN,2567,NSW,0,1,.NA,.NA,IRECON,0,4,2,2018-05-23 00:00:00.000,0,NULL,,winBeatDevLocal,0,2018-05-23 13:13:26.590,0
996,,A59A121F-B08D-4CC8-871D-238D7C83AE52,NORTHASPECT BUILDING PTY LTD,NORTHASPECT BUILDING,29074439722,,,0412143581,admin@northaspectbuilding.com.au,,2/92 Garden Street,,NARRABEEN,2101,NSW,2/92 Garden Street,,NARRABEEN,2101,NSW,0,1,.NA,.NA,IRECON,0,4,2,2018-05-30 00:00:00.000,0,NULL,,winBeatDevLocal,0,2018-05-30 16:44:55.270,0
997,,9496C961-18C8-4A08-B4DA-C58338049BDF,DURAVAULT BUILDERS PTY LTD,,67168404742,,,0412064436,mail2balmuri@yahoo.com.au,,11 Octoman St,,FORDE,2914,ACT,11 Octoman St,,FORDE,2914,ACT,0,1,.NA,.NA,ALLINSURE,0,4,2,2018-06-05 00:00:00.000,0,NULL,,winBeatDevLocal,0,2018-06-05 09:19:19.510,0
998,,30941C68-69CB-48C2-94B4-C5AE2C136AB0,BRB MODULAR PTY LTD,,78114678349,,,,,,Level3, 246 Bourke St ,,RICHMOND,3121,VIC,,,,,,0,1,.NA,.NA,IRECON,0,4,2,2018-06-15 00:00:00.000,0,NULL,,winBeatDevLocal,0,2018-06-15 15:24:19.583,0
999,,5278F494-3EE4-4BC2-8AA2-30AB60DEDC2D,ADATROM PTY LTD,,88600205641,,,0405125350,mortada@live.com.au,,13 Plant St,,CARLTON,2218,NSW,13 Plant St,,CARLTON,2218,NSW,0,1,.NA,.NA,IRECON,0,4,2,2018-06-22 00:00:00.000,0,NULL,,winBeatDevLocal,0,2018-06-22 13:52:39.003,0
1000,,8ADEED90-C1FE-45F5-AA93-C3D728BA148A,Temperley Homes Pty Ltd,Temperley Homes Pty Ltd,24153591274,,,0416922241,temperleyhomes@gmail.com,,Unit 1, 6 Montford Cres,,LYNEHAM,2602,ACT,Unit 1, 6 Montford Cres,,LYNEHAM,2602,ACT,0,1,.NA,.NA,IRECON,0,4,2,2018-06-27 00:00:00.000,0,NULL,,winBeatDevLocal,0,2018-06-27 13:23:40.090,0
1001,,09DFB5FF-4259-45D5-BDCB-F1C16F144C43,RENXTEND POOLS PTY LTD,,82623451016,,,0416118563,dave@renxtend.com.au,,124 Anzac Ave,,ENGADINE,2233,NSW,124 Anzac Ave,,ENGADINE,2233,NSW,0,1,.NA,.NA,AHP,0,4,16,2018-06-27 00:00:00.000,0,NULL,,winBeatDevLocal,0,2018-06-27 14:13:02.360,0
1002,,CA6D2972-AC8C-4149-8B7F-C5317A01376A,RA DAVID CASS,,25397039803,,,0414788155,racasscarpentry@gmail.com,,1 East Pde,,LEURA,2780,NSW,1 East Pde,,LEURA,2780,NSW,0,1,.NA,.NA,IRECON,0,2,2,2018-07-04 00:00:00.000,0,NULL,,winBeatDevLocal,0,2018-07-04 13:16:43.380,0
1003,,11245B0A-C234-49E1-8243-9F0785A1CE15,Allgood Roofing Pty Ltd,,25107427305,,,0409537981,allgoodroofing@hotmail.com,,9 Gollan St,,EVATT,2617,ACT,9 Gollan St,,EVATT,2617,ACT,0,1,.NA,.NA,IRECON,0,4,13,2018-07-12 00:00:00.000,0,NULL,,winBeatDevLocal,0,2018-07-12 09:49:21.120,0
1004,,94F79FC3-A922-49F7-B7A5-E1C0BA506D4B,CARL GILLMORE LANDSCAPES PTY LIMITED,,27610497713,,,0410530821,Carl@carlgillmorelandscapes.com.au,,3/859 Pacific Highway,,CHATSWOOD,2067,NSW,3/859 Pacific Highway,,CHATSWOOD,2067,NSW,0,1,.NA,.NA,IRECON,0,4,2,2018-07-19 00:00:00.000,0,NULL,,winBeatDevLocal,0,2018-07-19 16:36:44.893,0
1005,,2532BBDE-CBFF-4348-9695-98089055FD34,ACT BUILDING AND MAINTENANCE PTY LTD,,18169470946,,,0419627308,admin@actbam.com.au,,25 Ashcroft Crescent,,MONASH,2904,ACT,25 Ashcroft Crescent,,MONASH,2904,ACT,0,1,.NA,.NA,IRECON,0,4,2,2018-07-23 00:00:00.000,0,NULL,,winBeatDevLocal,0,2018-07-23 17:16:27.683,0
1006,,3C045B38-DCFE-438E-99D3-9C11E170E567,VASIV BUILD PTY LTD,,67626377197,0411853355,,0411853355,sivpra@hotmail.com,,7 Benson Close,,WAHROONGA,2076,NSW,7 Benson Close,,WAHROONGA,2076,NSW,0,1,.NA,.NA,IRECON,0,4,2,2018-07-25 00:00:00.000,0,NULL,,winBeatDevLocal,0,2018-07-25 11:01:44.460,0
1007,,CDF7989A-F177-42DD-8637-BF23DBCCB9DD,MICHEL  BAUMANN,,63162029467,0245798763,,0431442633,1completejob@gmail.com,,15 Sirius Crescent,,EBENEZER,2756,NSW,15 Sirius Crescent,,EBENEZER,2756,NSW,0,1,.NA,.NA,IRECON,0,2,2,2018-07-31 00:00:00.000,0,NULL,,winBeatDevLocal,0,2018-07-31 15:28:01.377,0
1008,,AE87956C-05CE-47AB-92E0-5A56F3B77A30,Madic Constructions Pty Ltd,,34117030252,0298221689,,0412660321,info@madic.com.au,,122 Bossley Road,,BOSSLEY PARK,2176,NSW,122 Bossley Road,,BOSSLEY PARK,2176,NSW,0,1,.NA,.NA,IRECON,0,4,2,2018-07-31 00:00:00.000,0,NULL,,winBeatDevLocal,0,2018-07-31 15:36:39.953,0
1009,,FDE51685-7BAE-41A4-9A6D-6A9F069C0C10,Golden 8 Projects PTY LTD,,95600769588,0288245390,,0478172696,sydneybluesky@hotmail.com,,5 Dakota Court,,STANHOPE GARDENS,2768,NSW,5 Dakota Court,,STANHOPE GARDENS,2768,NSW,0,1,.NA,.NA,IRECON,0,4,2,2018-08-03 00:00:00.000,0,NULL,,winBeatDevLocal,0,2018-08-03 12:54:29.700,0
1010,,FBA01290-4376-4085-BC6B-CD114174AC43,ABALTA PTY. LIMITED,,68008554907,0262970324,,0401298565,cteckhop@gmail.com,,115/2 Endeavour House ,Captain Cook Cres,MANUKA,2603,ACT,115/2 Endeavour House ,Captain Cook Cres,MANUKA,2603,ACT,0,1,.NA,.NA,IRECON,0,4,13,2018-08-08 00:00:00.000,0,NULL,,winBeatDevLocal,0,2018-08-08 14:43:05.383,0
1011,,91B43C94-C28A-4595-A532-075F26EBF328,MONTE BUILDING GROUP PTY LTD,,72600165080,,,0422206031,info@montegroup.com.au; vesna.kovjanic@icloud.com,,41 Mummery Tce,,AMAROO,2914,ACT,41 Mummery Tce,,AMAROO,2914,ACT,0,1,.NA,.NA,ALLINSURE,0,4,13,2018-08-28 00:00:00.000,0,NULL,,winBeatDevLocal,0,2018-08-28 11:02:30.153,0
1012,,DFC18F67-0E27-433F-9A10-094A5BDA6E8C,Reds Building and Carpentry Pty Ltd,,67112541876,91504545,,0417367833,paul@redsbuilding.com.au,,E11, 13-15 Forrester St,,KINGSGROVE,2208,NSW,E11, 13-15 Forrester St,,KINGSGROVE,2208,NSW,0,1,.NA,.NA,IRECON,0,4,2,2018-08-28 00:00:00.000,0,NULL,,winBeatDevLocal,0,2018-08-28 12:36:01.453,0
1013,,B3C976D1-3E80-4FA3-A533-F525B27AFC87,RODD HAMMER DEVELOPER PTY. LTD.,,48617280369,,,0422369419,murradkhan@hotmail.com,,248 Nivelle Rd,,EDMONDSON PARK,2174,NSW,248 Nivelle Rd,,EDMONDSON PARK,2174,NSW,0,1,.NA,.NA,IRECON,0,4,2,2018-08-28 00:00:00.000,0,NULL,,winBeatDevLocal,0,2018-08-28 16:31:08.770,0
1014,,1220CD8D-A39F-4A65-967F-E9A940092CBE,TAYLOR MADE BUILDINGS PTY LTD,,32123586096,02 6882 6066,,,tania@taylormadebuildings.com.au,,2R Gilgandra Rd,,NORTH DUBBO,2830,NSW,2R Gilgandra Rd,,NORTH DUBBO,2830,NSW,0,1,.NA,.NA,IRECON,0,4,14,2018-09-14 00:00:00.000,0,NULL,,winBeatDevLocal,0,2018-09-14 10:49:58.247,0
1015,,08AD5398-4AD8-4364-A703-229A035B4D1D,ABOUT TIME PLUMBING & CIVIL CONSTRUCTION PTY LTD,,51100879883,02 4869 1234,,,accounts@abouttimeplumbing.com.au,,18 Parkes Rd,,MOSS VALE,2577,NSW,18 Parkes Rd,,MOSS VALE,2577,NSW,0,1,.NA,.NA,IRECON,0,4,2,2018-09-18 00:00:00.000,0,NULL,,winBeatDevLocal,0,2018-09-18 10:40:26.443,0
1016,,B033E8D4-DC9B-4926-986E-2CAEB479E690,UOVO PTY LTD,,44615949543,0403538065,,0403538065,nicholas.parrella@gmail.com,,2/20 Crows Nest Rd,,WAVERTON,2060,NSW,2/20 Crows Nest Rd,,WAVERTON,2060,NSW,0,1,.NA,.NA,IRECON,0,4,2,2018-09-18 00:00:00.000,0,NULL,,winBeatDevLocal,0,2018-09-18 12:23:22.137,0
1017,,6F817DF1-D28C-4264-8F9E-9BF41BBE14AC,DALMO HOMES PTY LTD,,94166520350,,,0419 414 084,dalmohomes@bigpond.com,,8 Madi Way,NGUNNAWAL,NGUNNAWAL,2913,ACT,8 Madi Way,NGUNNAWAL,NGUNNAWAL,2913,ACT,1,1,.NA,.NA,IRECON,0,4,13,2018-09-20 00:00:00.000,0,NULL,,winBeatDevLocal,0,2018-09-20 18:06:12.987,0
1018,,ACBA64A6-4397-4B8E-A36E-9D9C95B0BBA2,TRANSFORM BUILDING SOLUTIONS PTY LTD,,63623186578,02 61956216,,0432645799,admin@transformbuildingsolutions.com.au,,3/10 Kett St,,KAMBAH,2902,ACT,3/10 Kett St,,KAMBAH,2902,ACT,0,1,.NA,.NA,IRECON,0,4,2,2018-09-25 00:00:00.000,0,NULL,,winBeatDevLocal,0,2018-09-25 14:15:37.927,0
1019,,D1A9EFFE-AC4C-412C-906E-314337D565D8,GENERAL BETON CO. PTY. LIMITED,GENERAL BETON CO PTY LTD,41002285305,0296668788,0296668733,0411555346,simonp@generalbeton.com.au,,27-33 Perry Street,,MATRAVILLE,2036,NSW,27-33 Perry Street,,MATRAVILLE,2036,NSW,0,1,.NA,.NA,IRECON,0,4,13,2018-10-08 00:00:00.000,0,NULL,,winBeatDevLocal,0,2018-10-08 11:18:59.287,0
1020,,9DFD12F8-516D-4936-8A3B-0C1F2733E1C2,PROTOS PROJECTS PTY LTD,,23609223565,,,0432837242,alex@protosprojects.com.au,,58A Atarmon Road,,ARTARMON,2064,NSW,58A Atarmon Road,,ARTARMON,2064,NSW,0,1,.NA,.NA,IRECON,0,4,2,2018-10-10 00:00:00.000,0,NULL,,winBeatDevLocal,0,2018-10-10 13:24:38.463,0
1021,,48F96E3D-5C39-4C9E-A770-92AB39AF47D9,DESIGN BUILD GROUP PTY LIMITED,,89625518685,,,0422192045,designbuildgroup01@outlook.com,,U21 Gregory Hills Drive,Gledswood Hills,GLEDSWOOD HILLS,2557,NSW,U21 Gregory Hills Drive,Gledswood Hills,GLEDSWOOD HILLS,2557,NSW,0,1,.NA,.NA,IRECON,0,4,16,2018-10-11 00:00:00.000,0,NULL,,winBeatDevLocal,0,2018-10-11 10:55:36.667,0
1022,,72E08A96-F3A7-4EC0-966D-860F21985985,Lisa Maree Dart,,,,,0416276017,lisa.dart@yahoo.com.au,,737 Mulligans Flat Road,,SUTTON,2620,NSW,737 Mulligans Flat Road,,SUTTON,2620,NSW,0,1,.NA,.NA,IRECON,0,1,13,9999-12-31 00:00:00.000,0,NULL,,winBeatDevLocal,0,2018-10-12 17:09:48.277,0
1023,,06F5C4B3-7539-4205-9748-28BC088951A3,MARSHALL BUILDING PTY LIMITED,,73149199744,,,0411411130,marshall21@bigpond.com,,59 Prescott Avenue,,DEE WHY,2099,NSW,59 Prescott Avenue,,DEE WHY,2099,NSW,0,1,.NA,.NA,IRECON,0,4,2,2018-10-23 00:00:00.000,0,NULL,,winBeatDevLocal,0,2018-10-23 15:14:44.300,0
1024,,7D07E5DA-89E7-4C15-BF90-28C97ED71473,MARINE & CIVIL MAINTENANCE PTY LTD,MARINE AND CIVIL MAINTENANCE PTY LTD,15097350957,0298090374,,0438440239,alanb@marineandcivil.com.au,,Unit 9, 41-43 Higginbotham Rd,,GLADESVILLE,2111,NSW,Unit 9, 41-43 Higginbotham Rd,,GLADESVILLE,2111,NSW,0,1,.NA,.NA,IRECON,0,4,13,2018-10-26 00:00:00.000,0,NULL,,winBeatDevLocal,0,2018-10-26 11:27:32.043,0
1025,,56AA8377-B603-4E3E-B538-E2489E5C1DE6,All About Carpentry (NSW) Pty Ltd,,17149599217,,,0407435128,nathan@allaboutcarpentry.com.au,,P6, 5-7 HEPHER ROAD,,CAMPBELLTOWN,2560,NSW,P6, 5-7 HEPHER ROAD,,CAMPBELLTOWN,2560,NSW,0,1,.NA,.NA,IRECON,0,4,2,2018-10-26 00:00:00.000,0,NULL,,winBeatDevLocal,0,2018-10-26 12:28:39.550,0
1026,,D4209C3F-95FB-44F4-9B01-E3AB9DB1C76F,SAM HORN BUILDING PTY LTD,,97160254624,,,0432099853,sam@samhornbuilding.com.au,,92 Brisbane Street,,EAST MAITLAND,2323,NSW,92 Brisbane Street,,EAST MAITLAND,2323,NSW,0,1,.NA,.NA,IRECON,0,4,14,2018-10-31 00:00:00.000,0,NULL,,winBeatDevLocal,0,2018-10-31 13:28:22.997,0
1027,,83070B3F-4BFB-4070-8F95-6538B25F998C,FELDIS HOLDINGS PTY LTD,PGS CONSTRUCTIONS,35003312347,,,0400121925,paulstringer@outlook.com,,3 William Davies Drive,Figtree,FIGTREE,2525,NSW,3 William Davies Drive,Figtree,FIGTREE,2525,NSW,0,1,.NA,.NA,IRECON,0,4,13,2018-11-08 00:00:00.000,0,NULL,,winBeatDevLocal,0,2018-11-08 15:55:20.853,0
1028,,354E2C04-9C83-4C36-BB72-9C7D91B2FAC8,ARKEN HOMES PTY LTD,,72166396407,,,0414767150,jarrod@arkenbuilt.com.au,,18 Exeter Avenue,,NORTH WOLLONGONG,2500,NSW,18 Exeter Avenue,,NORTH WOLLONGONG,2500,NSW,0,1,.NA,.NA,IRECON,0,4,11,2018-11-15 00:00:00.000,0,NULL,,winBeatDevLocal,0,2018-11-15 10:39:15.693,0
1029,,07681803-E7FD-4E3C-A3E6-2E49E4EBBA7A,AQUA TIGHT REMEDIAL PTY LTD,,91615615122,,,0410342252,rani@atwaterproofing.com.au,,21/17-21 Henderson Street,,TURRELLA,2205,NSW,21/17-21 Henderson Street,,TURRELLA,2205,NSW,0,1,.NA,.NA,IRECON,0,4,16,2018-11-15 00:00:00.000,0,NULL,,winBeatDevLocal,0,2018-11-15 11:04:00.357,0
1030,,13048543-C8E5-4AB3-8A04-3AD3888DD4FF,URBAN HOMES PTY LTD,,56620404926,,,0421633316,urbanhomes17@gmail.com,,132 Westminster Street,,SCHOFIELDS,2762,NSW,132 Westminster Street,,SCHOFIELDS,2762,NSW,0,1,.NA,.NA,IRECON,0,4,12,2018-11-21 00:00:00.000,0,NULL,,winBeatDevLocal,0,2018-11-21 11:16:59.023,0
1031,,F1F03992-29C9-4B83-96E5-AF2BAC345D55,S & E CAVALIERI PTY. LTD.,,87050324171,,,0411610715,marcus@cavcrete.com,,3 Goroka Place,,BEACON HILL,2100,NSW,3 Goroka Place,,BEACON HILL,2100,NSW,0,1,.NA,.NA,IRECON,0,4,16,2018-11-23 00:00:00.000,0,NULL,,winBeatDevLocal,0,2018-11-23 11:09:07.443,0
1032,,6EA1085F-3433-4D10-AC0D-91E266308E00,EDGECLIFF HOMES PTY LIMITED,,91621942096,,,04100100523,admin@edgecliffhomes.com.au,,5 Jenolan Circuit,,HARRINGTON PARK,2567,NSW,5 Jenolan Circuit,,HARRINGTON PARK,2567,NSW,0,1,.NA,.NA,IRECON,0,4,12,2018-11-29 00:00:00.000,0,NULL,,winBeatDevLocal,0,2018-11-29 14:06:49.610,0
1033,,3005B7D6-CDE3-4306-BCF6-131DD5246BE9,CONAN ANTHONY RICHARDSON,Conan richardson,94526901430,,,0403542636,nacpainting2450@gmail.com,,1 Water Gum Close,,SAPPHIRE BEACH,2450,NSW,1 Water Gum Close,,SAPPHIRE BEACH,2450,NSW,0,1,.NA,.NA,IRECON,0,2,2,2018-11-30 00:00:00.000,0,NULL,,winBeatDevLocal,0,2018-11-30 11:32:43.403,0
1034,,DD9A4CA9-320F-4B11-9EEC-0DB6FF79C762,Ryan William Price,,,,,0448850000,ryan@rwpconstructions.com.au,,27 King Street,Uranquinty,URANQUINTY,2652,NSW,27 King Street,Uranquinty,URANQUINTY,2652,NSW,0,1,.NA,.NA,IRECON,0,1,13,9999-12-31 00:00:00.000,0,NULL,,winBeatDevLocal,0,2018-12-04 14:25:12.260,0
1035,,F14E549A-0D5E-46FB-92B7-0900DE590CE1,HP BUILDING GROUP PTY. LIMITED,,30612895780,02 9822 9989,,,brendan@halfpricedgrannyflats.com.au,,4/55-57 Newton Rd,,WETHERILL PARK,2164,NSW,4/55-57 Newton Rd,,WETHERILL PARK,2164,NSW,0,1,.NA,.NA,IRECON,0,4,2,2018-12-05 00:00:00.000,0,NULL,,winBeatDevLocal,0,2018-12-05 14:17:04.477,0
1036,,69943667-CB9E-48CE-9286-6B173B58AA86,Shane George Colebrook,,,,,0438718169,scolebrook@hotmail.com,,31 Kinsgton Place,,TOMAKIN,2537,NSW,31 Kinsgton Place,,TOMAKIN,2537,NSW,0,1,.NA,.NA,IRECON,0,1,16,9999-12-31 00:00:00.000,0,NULL,,winBeatDevLocal,0,2018-12-10 10:08:31.287,0
1037,,D1FD0C6A-BCB9-4586-9A15-4F963B976894,Scott Anthony Delaney,,,,,0419170980,delaneybuilding@mail.com,,105 Ainslie Parade,,TOMAKIN,2537,NSW,105 Ainslie Parade,,TOMAKIN,2537,NSW,0,1,.NA,.NA,IRECON,0,1,11,9999-12-31 00:00:00.000,0,NULL,,winBeatDevLocal,0,2018-12-17 11:39:09.270,0
1038,,D10D7FC0-A6E9-4B0E-B073-3AA182BA6F15,REP BUILDING PTY LTD,,44628086135,,,0411119195,robert@repbuilding.com.au,www.repbuilding.com.au,318 Springrange Road,,WALLAROO,2618,NSW,318 Springrange Road,,WALLAROO,2618,NSW,0,1,.NA,.NA,IRECON,0,4,13,2018-12-18 00:00:00.000,0,NULL,,winBeatDevLocal,0,2018-12-18 16:57:04.603,0
1039,,13D35F92-D2AF-4CAB-AB01-E6844C622DA2,TRUE VINE HOMES PTY LTD,,16629002044,,,0433510608,truevinehomes@hotmail.com,,12 Koala Avenue,,INGLEBURN,2565,NSW,12 Koala Avenue,,INGLEBURN,2565,NSW,0,1,.NA,.NA,IRECON,0,4,11,2019-01-18 00:00:00.000,0,NULL,,winBeatDevLocal,0,2019-01-18 12:56:46.770,0
1040,,AF2B6DE7-0CF7-4A8B-9D00-D42F2BFEFC66,Global Fire Pty Ltd,,90109866140,1300 887 018,,0411 273 673,michael@globalfire.com.au,,31/105A Vanessa Street,,KINGSGROVE,2208,NSW,31/105A Vanessa Street,,KINGSGROVE,2208,NSW,0,1,.NA,.NA,IRECON,0,4,13,2019-01-24 00:00:00.000,0,NULL,,winBeatDevLocal,0,2019-01-24 10:40:57.013,0
1041,,4D0883D2-5F09-4554-9D66-AAF480FCB2A2,EXIRA HOLDINGS PTY. LTD.,EXIRA HOLDINGS PTY LIMITED,34003583784,,,0402300600,kenbarker@exemail.com.au,,15/79 Gregory St,,SOUTH WEST ROCKS,2431,NSW,15/79 Gregory St,,SOUTH WEST ROCKS,2431,NSW,0,1,.NA,.NA,IRECON,0,4,14,2019-02-05 00:00:00.000,0,NULL,,winBeatDevLocal,0,2019-02-05 09:03:38.443,0
1042,,6FB54B88-68B7-45AC-809E-A78C64C39AAA,AGS COMMERCIAL PTY LTD,,37602997606,02 66223745,,0413028227,tatijuana@agscommercial.net.au,,172 Casino St,,SOUTH LISMORE,2480,NSW,172 Casino St,,SOUTH LISMORE,2480,NSW,0,1,.NA,.NA,IRECON,0,4,14,2019-02-05 00:00:00.000,0,NULL,,winBeatDevLocal,0,2019-02-05 10:10:21.440,0
1043,,0E32512C-BCDD-4C10-BA32-22E137DF8889,COTTAGE BUILDING & CARPENTRY CONTRACTORS PTY LTD,,19619904602,,,0405157436,ryan@cottagebcc.com.au,,2a Heath Street,,MONA VALE,2103,NSW,2a Heath Street,,MONA VALE,2103,NSW,0,1,.NA,.NA,IRECON,0,4,16,2019-02-07 00:00:00.000,0,NULL,,winBeatDevLocal,0,2019-02-07 09:20:25.033,0
1044,,CF032AEE-BBC7-43FD-9D4D-C794A36C00C6,ZERUCON PTY LTD,,77629326889,,,0422647708,info@zerucon.com.au,,4 John Road,,CHERRYBROOK,2126,NSW,4 John Road,,CHERRYBROOK,2126,NSW,0,1,.NA,.NA,IRECON,0,4,2,2019-02-13 00:00:00.000,0,NULL,,winBeatDevLocal,0,2019-02-13 10:37:53.430,0
1045,,BA88AB8D-9978-4DA3-AA6A-1F2D44444DCE,AVANTI PROJECTS GROUP PTY LTD,,43604634184,02 9724 2042,,0412315725,vince@avantiprojects.com.au,,54 Bungarra Crescent,,CHIPPING NORTON,2170,NSW,54 Bungarra Crescent,,CHIPPING NORTON,2170,NSW,0,1,.NA,.NA,IRECON,0,4,14,2019-02-13 00:00:00.000,0,NULL,,winBeatDevLocal,0,2019-02-13 16:07:53.430,0
1046,,ED66C09D-7B24-40B5-89D9-4D0BE258AB4E,SYDNEY AND WEST PAINTING AND ROPE ACCESS PTY LTD,,25622547200,,,0402238939,laureneaton9@hotmail.com,,313 Hawkesbury Road,,,WINMALEE,2777,NSW,313 Hawkesbury Road,,,WINMALEE,2777,NSW,0,1,.NA,.NA,IRECON,0,4,11,2019-02-22 00:00:00.000,0,NULL,,winBeatDevLocal,0,2019-02-22 12:35:33.937,0
1047,,E611320C-DDDB-422A-8F22-323951CFF23C,PHILIP CHARLES CLEMENTS,,29450850691,,,0423326265,philipclements74@gmail.com,,31 Broadwater Drive,,SARATOGA,2251,NSW,31 Broadwater Drive,,SARATOGA,2251,NSW,0,1,.NA,.NA,IRECON,0,2,11,2019-02-27 00:00:00.000,0,NULL,,winBeatDevLocal,0,2019-02-27 10:12:21.230,0
1048,,C4DA6339-2555-418F-8907-F44B0DC0E6B6,ELLWOOD BUILDING PTY LTD,,19606047910,,,0432245546,ellwoodbuildingco@gmail.com,,U4, 77-79 Bassett Street,,MONA VALE,2103,NSW,U4, 77-79 Bassett Street,,MONA VALE,2103,NSW,0,1,.NA,.NA,IRECON,0,4,14,2019-03-05 00:00:00.000,0,NULL,,winBeatDevLocal,0,2019-03-05 10:17:51.623,0
1049,,1E1035F4-2073-4A6C-BF66-2B40F9D846D8,Mavid Construction Pty Ltd,,82151559223,02 4015 2666,,,jonathan.frost@bellrock.com.au,,81 Mustang Dr,,RUTHERFORD,2320,NSW,PO BOx 93,,LORN,2320,NSW,0,1,.NA,.NA,BELL,0,4,13,2019-03-06 00:00:00.000,0,NULL,,winBeatDevLocal,0,2019-03-06 09:20:50.490,0
1050,,22609449-5BBC-4765-AFBF-1C17B382659B,MICHAEL STEPHEN BAWDEN,,76519683589,,,0401460271,office@classictouchcarpentry.com.au,,27 Taylor Place,,QUEANBEYAN,2620,NSW,27 Taylor Place,,QUEANBEYAN,2620,NSW,0,1,.NA,.NA,ALLINSURE,0,2,13,2019-03-06 00:00:00.000,0,NULL,,winBeatDevLocal,0,2019-03-06 10:22:49.693,0
1051,,01A4E4F5-91EE-40BF-864A-4A64FC5EC91A,KYDAN HOMES PTY LTD,HEALTHY INSPIRATIONS ERINDALE,15148152078,,,0423823036,k.darmody@bigpond.com,,15 Murchison Street,,KALEEN,2617,ACT,15 Murchison Street,,KALEEN,2617,ACT,0,1,.NA,.NA,IRECON,0,4,11,2019-03-12 00:00:00.000,0,NULL,,winBeatDevLocal,0,2019-03-12 09:41:55.787,0
1052,,3691A0D2-4717-4D5E-9232-5A7CF7EABCE9,KENT MADE PTY LTD,,53629859794,,,0413519992,ryan@kentmade.com.au,,19 Nicholson Street,,NORTH MANLY,2100,NSW,19 Nicholson Street,,NORTH MANLY,2100,NSW,0,1,.NA,.NA,IRECON,0,4,12,2019-04-02 00:00:00.000,0,NULL,,winBeatDevLocal,0,2019-04-02 16:46:45.117,0
1053,,77BBEAA2-A276-4C5B-AE48-53A361CFE728,SOKO HOMES PTY LTD,,28624237369,,,0432663394,sokohomes@gmail.com,,58 Chisholm Rd,,CATHERINE FIELD,2557,NSW,58 Chisholm Rd,,CATHERINE FIELD,2557,NSW,0,1,.NA,.NA,IRECON,0,4,2,2019-04-10 00:00:00.000,0,NULL,,winBeatDevLocal,0,2019-04-10 13:31:32.867,0
1054,,9CA34801-575B-417A-9B7B-62F980AB0063,CHRISTOPHER JAMES ANDREWS,,24342684845,0407407075,,0407407075,chris@niconstructions.com,,78 Walker Street,,HELENSBURGH,2508,NSW,78 Walker Street,,HELENSBURGH,2508,NSW,0,1,.NA,.NA,IRECON,1,2,2,2019-04-26 00:00:00.000,0,NULL,,winBeatDevLocal,0,2019-04-26 11:37:36.110,0
1055,,9DBDDE99-3FBC-4448-AB8E-054872C0CB4C,BOOMA CONSTRUCTION PTY LTD,,83139661591,0433165913,,0433165913,admin@boomaconstruction.com.au; phil@boomaconstruction.com.au,,46 Beechwood Avenue,,GREYSTANES,2145,NSW,46 Beechwood Avenue,,GREYSTANES,2145,NSW,0,1,.NA,.NA,IRECON,0,4,12,2019-04-30 00:00:00.000,0,NULL,,winBeatDevLocal,0,2019-04-30 11:52:36.700,0
1056,,54F11F24-1C00-4F3B-B664-A857EDFE452A,C & T M PTY LTD,Mann Made Building & Construction,40624149506,,,0431671475,chris@mannmadebuilding.com.au,,17 Bowada Street,,BOMADERRY,2541,NSW,17 Bowada Street,,BOMADERRY,2541,NSW,0,1,.NA,.NA,IRECON,0,4,2,2019-05-17 00:00:00.000,0,NULL,,winBeatDevLocal,0,2019-05-17 10:35:58.080,0
1057,,BB842B12-B9D4-4D06-BC05-DB84ABCDD0D4,Chiu Ming Hui,,,0294764540,,0424128940,cmhbs@yahoo.com.au,,1/1-5 Linda Street,,HORNSBY,2077,NSW,1/1-5 Linda Street,,HORNSBY,2077,NSW,0,1,.NA,.NA,IRECON,0,1,16,9999-12-31 00:00:00.000,0,NULL,,winBeatDevLocal,0,2019-05-20 10:44:19.540,0
1058,,7AB93D1C-C13A-4FBF-AC7B-B621ABC8B93F,AZ PROJECTS PTY LTD,,83630130200,,,0421468323,azprojects@hotmail.com,,236A Kissing Point Road, ,,DUNDAS,2117,NSW,236A Kissing Point Road, ,,DUNDAS,2117,NSW,0,1,.NA,.NA,IRECON,0,4,11,2019-05-20 00:00:00.000,0,NULL,,winBeatDevLocal,0,2019-05-20 17:32:11.660,0
1059,,3A65E1D3-93BF-4537-8A35-9EA7C4683232,ROBERT  ROSSI,,52889460195,,,0416258053,bobsrossi@gmail.com,,293 Timberway ,,SURF BEACH,2536,NSW,293 Timberway ,,SURF BEACH,2536,NSW,0,1,.NA,.NA,IRECON,0,2,13,2019-06-17 00:00:00.000,0,NULL,,winBeatDevLocal,0,2019-06-17 17:22:02.697,0
1060,,7D5C8970-3EBC-4047-A08B-12BBCD0E927C,PCH CONSTRUCTIONS PTY LTD,,32143339566,,,0404080282,accounts@pchconstructions.com.au,,Ground Floor, 118 Christie Street,,ST LEONARDS,2065,NSW,Ground Floor, 118 Christie Street,,ST LEONARDS,2065,NSW,0,1,.NA,.NA,IRECON,0,4,11,2019-06-18 00:00:00.000,0,NULL,,winBeatDevLocal,0,2019-06-18 10:02:22.697,0
1061,,72CD75E4-EEE6-4231-9F2C-FC9CBE5C98CD,TAYLOR BUILDING INDUSTRIES PTY LTD,,29165002933,,,0413014683,jana@taylorbuild.com.au,,84 Beattie Street,,BALMAIN,2041,NSW,84 Beattie Street,,BALMAIN,2041,NSW,0,1,.NA,.NA,IRECON,0,4,16,2019-06-28 00:00:00.000,0,NULL,,winBeatDevLocal,0,2019-06-28 11:09:12.587,0
1062,,E1F0DE0C-40C7-4953-A0D3-99FFA93593DC,ENDEAVOUR POOLS & SPAS PTY LTD,,91629498246,,,0401608454,sales@endeavourpoolsandspas.com.au,,39 Scott Street,,SHOALHAVEN HEADS,2535,NSW,39 Scott Street,,SHOALHAVEN HEADS,2535,NSW,0,1,.NA,.NA,IRECON,0,4,16,2019-06-28 00:00:00.000,0,NULL,,winBeatDevLocal,0,2019-06-28 12:10:30.190,0
1063,,65450629-2618-443D-8C02-076DFB191D5A,BOSS PROJECTS AUST. PTY LTD,,86619280803,,,0437747845,steve@bossprojectsaust.com.au,,245C The Grand Parade,,RAMSGATE BEACH,2217,NSW,245C The Grand Parade,,RAMSGATE BEACH,2217,NSW,0,1,.NA,.NA,IRECON,0,4,13,2019-07-02 00:00:00.000,0,NULL,,winBeatDevLocal,0,2019-07-02 15:27:13.000,0
1064,,4D180F7C-1682-4F30-BBED-6C944C5F1325,STALLION HOMES NSW PTY LTD,,15632242098,,,0425600686,stallionhomesnsw@gmail.com,,18/20 Valediction Road,,KINGS PARK,2148,NSW,18/20 Valediction Road,,KINGS PARK,2148,NSW,0,1,.NA,.NA,IRECON,0,4,12,2019-07-03 00:00:00.000,0,NULL,,winBeatDevLocal,0,2019-07-03 13:33:02.403,0
1065,,EC6B5EE7-4A98-45F5-879D-F566821330D8,Anthony Farac Plumbing Pty Ltd,,84158168097,,,0405576129,anthonyfaracplumbing@gmail.com,,6 Wharf Road,,LONGUEVILLE,2066,NSW,6 Wharf Road,,LONGUEVILLE,2066,NSW,0,1,.NA,.NA,IRECON,0,4,14,2019-07-11 00:00:00.000,0,NULL,,winBeatDevLocal,0,2019-07-11 15:44:52.790,0
1066,,3D81DE03-61F5-42A3-8870-5DD51D4B4363,ENTER BUILDING GROUP PTY LTD,,40631472716,,,0414850448,info@ebgroup.net.au,,10/215-221 Victoria Avenue,,CHATSWOOD,2067,NSW,10/215-221 Victoria Avenue,,CHATSWOOD,2067,NSW,0,1,.NA,.NA,IRECON,0,4,16,2019-07-23 00:00:00.000,0,NULL,,winBeatDevLocal,0,2019-07-23 12:34:24.240,0
1067,,35F13EC2-C133-45C9-97FE-37F587585D79,BBM CONSTRUCTIONS PTY LTD,,36113501965,,,0410534804,brent@bbmconstructions.com,,100 Heath Road,,PRETTY BEACH,2257,NSW,100 Heath Road,,PRETTY BEACH,2257,NSW,0,1,.NA,.NA,IRECON,0,4,14,2019-07-25 00:00:00.000,0,NULL,,winBeatDevLocal,0,2019-07-25 14:28:24.567,0
1068,,446FFC52-BE6C-419C-90D3-B13E80FC87C3,ZEST DCA PTY LTD,,46150401997,,,0400755579,ab@zestdca.com.au,,22 Village High Road,,BENOWA,4217,QLD,22 Village High Road,,BENOWA,4217,QLD,0,1,.NA,.NA,IRECON,0,4,13,2019-07-29 00:00:00.000,0,NULL,,winBeatDevLocal,0,2019-07-29 16:41:44.240,0
1069,,E84A5861-D526-4E77-A2BF-387168780A08,ABOVE AND BEYOND BUILT PTY LTD,,24623864773,,,0431176488,frank_build@hotmail.com;jacquifellew@iinet.net.au,,20 Woodcourt Road,,BEROWRA HEIGHTS,2082,NSW,20 Woodcourt Road,,BEROWRA HEIGHTS,2082,NSW,0,1,.NA,.NA,IRECON,0,4,16,2019-07-30 00:00:00.000,0,NULL,,winBeatDevLocal,0,2019-07-30 10:00:54.113,0
1070,,9C076885-C587-4ACC-8CD8-C2C79C43D0E8,RENASCENT CONSTRUCTIONS PTY LTD,,70101516910,,,0425222415,ARobertson@renascent.com.au,,Level 4, 174 Pacific Highway,,ST LEONARDS,2065,NSW,Level 4, 174 Pacific Highway,,ST LEONARDS,2065,NSW,0,0,.NA,.NA,IRECON,2,4,14,2019-08-05 00:00:00.000,0,NULL,,winBeatDevLocal,0,2019-08-05 11:56:01.143,0
1071,,4BFFAB3F-846F-43A2-BE4C-073A09CA1DBA,NSP HOMES PTY LTD,,44633852525,,,0425356699,hr@nsphomes.com.au,,57 Vore Street,,SILVERWATER,2128,NSW,57 Vore Street,,SILVERWATER,2128,NSW,0,1,.NA,.NA,IRECON,0,4,13,2019-08-08 00:00:00.000,0,NULL,,winBeatDevLocal,0,2019-08-08 09:21:16.900,0
1072,,7FA52040-949B-408E-BC2D-ECD26A3565FC,PETER DONALD BUILDING PTY LIMITED,,95169263905,,,0407794507,peterdonald@internode.on.net,,10 Warren Crescent,,KING CREEK,2446,NSW,10 Warren Crescent,,KING CREEK,2446,NSW,0,1,.NA,.NA,IRECON,0,4,11,2019-08-21 00:00:00.000,0,NULL,,winBeatDevLocal,0,2019-08-21 10:00:40.303,0
1073,,328987F5-92BE-4A7A-800F-4A72B76F1053,VALIDUS CONSTRUCTIONS PTY LTD,,49165458766,,,0422060096,ben@validusconstructions.com.au,,4/162 Kurraba Road,,NEUTRAL BAY,2089,NSW,4/162 Kurraba Road,,NEUTRAL BAY,2089,NSW,0,1,.NA,.NA,IRECON,0,4,11,2019-08-22 00:00:00.000,0,NULL,,winBeatDevLocal,0,2019-08-22 15:53:09.463,0
1074,,D5F0FF0A-CB1D-473C-AF74-F41CCE6195E7,OLDE ENGLISH TILES AUSTRALIA PTY LTD,THE OLD ENGLISH TILE FACTORY,97002435449,,,0411622226,nino@oeta.com.au,,118 Parramata Road,,STANMORE,2048,NSW,118 Parramata Road,,STANMORE,2048,NSW,0,1,.NA,.NA,IRECON,0,4,14,2019-08-23 00:00:00.000,0,NULL,,winBeatDevLocal,0,2019-08-23 11:26:09.257,0
1075,,B510BF48-5F01-48DF-8518-68CB32567735,LUXURY POOLS AUSTRALIA PTY. LTD.,,65632167803,,,0403202967,jason.diamond@luxurypools.net.au,,160 Hastings Road,,TERRIGAL,2260,NSW,160 Hastings Road,,TERRIGAL,2260,NSW,0,1,.NA,.NA,IRECON,0,4,13,2019-08-29 00:00:00.000,0,NULL,,winBeatDevLocal,0,2019-08-29 11:01:50.107,0
1076,,D3C373D1-22B4-4273-8D84-69A44A5EC095,UNIVERSAL PROPERTY GROUP PTY LIMITED,,98078297748,,,0422444905,limi@bathla.com.au,,137 Gilba Road,,GIRRAWEEN,2145,NSW,137 Gilba Road,,GIRRAWEEN,2145,NSW,0,1,.NA,.NA,BELL,0,4,14,2019-09-09 00:00:00.000,0,NULL,,winBeatDevLocal,0,2019-09-09 16:15:08.913,0
1077,,3EF5CEED-E35E-460E-8733-7902D70FF3AB,WOODMARQUE PTY LIMITED,,23624568216,,,0414668438,clare@woodmarque.com.au,,Factory 3,,77-83 Lytton Road,MOSS VALE,2577,NSW,Factory 3,,77-83 Lytton Road,MOSS VALE,2577,NSW,0,1,.NA,.NA,IRECON,0,4,11,2019-09-27 00:00:00.000,0,NULL,,winBeatDevLocal,0,2019-09-27 13:58:54.840,0
1078,,EF8CD032-C34E-4966-885D-3F9B5D6A4B77,WESTCON CONSTRUCTIONS PTY LTD,,37611939185,,,0415174175,roger.bonett@westconconstructions.com.au,,Suite 262, Level 6,7-11 The Avenue,HURSTVILLE,2220,NSW,Suite 262, Level 6,7-11 The Avenue,HURSTVILLE,2220,NSW,0,1,.NA,.NA,IRECON,0,4,11,2019-10-01 00:00:00.000,0,NULL,,winBeatDevLocal,0,2019-10-01 13:29:14.013,0
1079,,7C361E53-0F69-4F34-95D7-6F328CC80FDD,NED  MORTIMER,Ned Mortimer,12340198453,,,0427038183,ned@mortimerbuilding.com,,1086 Oura Rd,,WAGGA WAGGA,2650,NSW,1086 Oura Rd,,WAGGA WAGGA,2650,NSW,0,1,.NA,.NA,IRECON,0,2,13,2019-10-04 00:00:00.000,0,NULL,,winBeatDevLocal,0,2019-10-04 09:53:40.360,0
1080,,D319C914-CFD6-4224-A0D2-26C6092B5800,THE BUILT ELEMENT PTY LTD,,81600029909,,,0419198989,office@thebuiltelement.com,,11 Old Pitnacree Close,,PITNACREE,2323,NSW,11 Old Pitnacree Close,,PITNACREE,2323,NSW,0,1,.NA,.NA,IRECON,0,4,11,2019-11-05 00:00:00.000,0,NULL,,winBeatDevLocal,0,2019-11-05 09:48:23.563,0
1081,,AA7373F7-5F30-4C39-9551-CFACA4CE1150,SYDNEY POOLS & SPAS PTY. LIMITED,,45056325369,02 47732011,,0418239618,sales@sydneypoolsandspas.com.au,,85 Gates Road,,LUDDENHAM,2745,NSW,85 Gates Road,,LUDDENHAM,2745,NSW,0,1,.NA,.NA,IRECON,0,4,2,2019-11-07 00:00:00.000,0,NULL,,winBeatDevLocal,0,2019-11-07 13:04:17.023,0
1082,,BC3E18FD-2217-479C-A825-A33C651B9A70,AARON JOHN MENEGHEL,,55824620934,,,0432258214,sales@artisticconcrete.com.au,,7 O'Neill Place,,BUNGENDORE,2621,NSW,7 O'Neill Place,,BUNGENDORE,2621,NSW,0,1,.NA,.NA,IRECON,0,2,13,2019-11-12 00:00:00.000,0,NULL,,winBeatDevLocal,0,2019-11-12 17:02:55.937,0
1083,,E7EC1B68-8A05-46E9-BE53-61FE96605C2F,TAILORED POOLS PTY LTD ,,67636476661,,,0407999080,info@tailoredpools.com.au,,516 Halcrows Road,,CATTAI,2756,NSW,516 Halcrows Road,,CATTAI,2756,NSW,0,1,.NA,.NA,IRECON,0,4,12,2019-11-20 00:00:00.000,0,NULL,,winBeatDevLocal,0,2019-11-20 10:01:09.567,0
1084,,EBFD5E3F-8F13-4605-BE18-473A4E1CBD8B,React Metal Roofing Pty Ltd,,72150043646,,,0447491543,paul@reactguttering.com.au,,6 Mirrabucca Crescent,,GIRALANG,2617,ACT,6 Mirrabucca Crescent,,GIRALANG,2617,ACT,0,1,.NA,.NA,IRECON,0,4,13,2019-12-12 00:00:00.000,0,NULL,,winBeatDevLocal,0,2019-12-12 16:45:04.447,0
1085,,B2DA9F77-D140-41A1-9641-C7D778E3F963,MASTB PTY LTD,Classic Touch Carpentry,68619556133,,,0401460271,office@classictouchcarpentry.com.au,,27 Taylor Place,,QUEANBEYAN,2620,NSW,27 Taylor Place,,QUEANBEYAN,2620,NSW,0,1,.NA,.NA,IRECON,0,4,13,2019-12-17 00:00:00.000,0,NULL,,winBeatDevLocal,0,2019-12-17 15:40:55.733,0
1086,,C04BEDFA-FF5E-4D29-AEBA-B299C40BF121,AXIS CONSTRUCTIONS PTY LTD,,79002482359,,,0427280889,jonathan.frost@bellrock.sydney,,Level 1, Bld C,209-211 Walters Road,ARNDELL PARK,2148,NSW,Level 1, Bld C,209-211 Walters Road,ARNDELL PARK,2148,NSW,0,1,.NA,.NA,IRECON,0,4,14,2019-12-18 00:00:00.000,0,NULL,,winBeatDevLocal,0,2019-12-18 16:14:41.093,0
1087,,C2AC9F75-586C-4AE4-9D39-96574A11382A,ANDREW ROBERT BARKBY,,70474394454,,,0414899334,andrew.barkby@bigpond.com,,424 Galston Road,,DURAL,2158,NSW,424 Galston Road,,DURAL,2158,NSW,0,1,.NA,.NA,IRECON,0,2,11,2020-01-02 00:00:00.000,0,NULL,,winBeatDevLocal,0,2020-01-02 15:53:31.260,0
1088,,625310FB-B1E8-4EF3-AD92-72392D88CA9E,VPB CONSTRUCTIONS PTY LTD,,31087962767,,,0428878090,info@vpbconstruct.com.au,,81 Loma Street,,WARATAH WEST,2298,NSW,81 Loma Street,,WARATAH WEST,2298,NSW,0,1,.NA,.NA,IRECON,0,4,11,2020-01-10 00:00:00.000,0,NULL,,winBeatDevLocal,0,2020-01-10 15:08:30.780,0
1089,,03597653-BE3A-47C8-83EE-874FAC64FB65,LOUJAM PROJECTS PTY LTD,,17637280329,,,0405493866,e_ibrahim90@hotmail.com,,30 Bernard Street,,WESTMEAD,2145,NSW,30 Bernard Street,,WESTMEAD,2145,NSW,0,1,.NA,.NA,IRECON,0,4,11,2020-01-14 00:00:00.000,0,NULL,,winBeatDevLocal,0,2020-01-14 13:11:06.333,0
1090,,5F1C7E23-4716-4CA7-A26B-31919A7464DF,CANDICE  VAN DUREN,SUITE 7 BUILDING DESIGN,22021236746,,,0421596438,candice7@netspace.net.au,,15 Coobina Place,,FISHER,2611,ACT,15 Coobina Place,,FISHER,2611,ACT,0,1,.NA,.NA,IRECON,0,2,11,2020-01-30 00:00:00.000,0,NULL,,winBeatDevLocal,0,2020-01-30 15:40:55.980,0
1091,,797468F2-0068-4BF0-8907-4F3BAB192857,LOU  GOODWIN,,92643495051,,,0424974782,lou@lgconstructions.com.au,,120 Ungarie Road,,WEST WYALONG,2671,NSW,120 Ungarie Road,,WEST WYALONG,2671,NSW,0,1,.NA,.NA,IRECON,0,2,12,2020-01-31 00:00:00.000,0,NULL,,winBeatDevLocal,0,2020-01-31 11:15:22.193,0
1092,,8349BBD8-892E-477B-9D59-BAADFEF39FD8,MARK ROSS WEBSTER,Mark Webster,43116727109,,,0455101144,webstermark.1969@gmail.com,,2 Forbes Street,,ABERMAIN,2326,NSW,2 Forbes Street,,ABERMAIN,2326,NSW,0,1,.NA,.NA,IRECON,0,2,11,2020-02-07 00:00:00.000,0,NULL,,winBeatDevLocal,0,2020-02-07 15:22:22.140,0
1093,,3AE8E18E-51CD-4ECC-8C5F-ACEEB8959079,Champion Electrical & Data Services Pty Ltd,,15133865746,,,0405325697,adam@championelectrical.com.au,,329e Eastern Valley Way,,CASTLE COVE,2069,NSW,329e Eastern Valley Way,,CASTLE COVE,2069,NSW,0,1,.NA,.NA,IRECON,0,4,13,2020-02-11 00:00:00.000,0,NULL,,winBeatDevLocal,0,2020-02-11 15:08:12.090,0
1094,,C45D5F79-A6D3-4350-A683-26FB7B8B2B08,NICE & SMOOTH PTY LTD,,93634862810,,,0497996437,nice.smooth.painting@gmail.com,,6/18 Avon Road,,DEE WHY,2099,NSW,6/18 Avon Road,,DEE WHY,2099,NSW,0,1,.NA,.NA,IRECON,0,4,11,2020-02-18 00:00:00.000,0,NULL,,winBeatDevLocal,0,2020-02-18 10:34:29.320,0
1095,,8B28E4A2-4700-425D-A4C6-BAFA6F0975AB,PEONY HOMES PTY LTD,,17637653377,,,0487235585,jimi@peonyhomes.com.au,,Suite1, Level 1,92 Norton Street,LEICHHARDT,2040,NSW,Suite1, Level 1,92 Norton Street,LEICHHARDT,2040,NSW,0,1,.NA,.NA,IRECON,0,4,13,2020-03-02 00:00:00.000,0,NULL,,winBeatDevLocal,0,2020-03-02 15:12:03.257,0
1096,,85254522-5EDD-44C5-88B3-3F05C038007C,DLM Constructions Pty Ltd,,54122013067,,,,dlmconstructions@live.com.au,,7 Wylarah Close,,GLEN ALPINE,2560,NSW,7 Wylarah Close,,GLEN ALPINE,2560,NSW,0,1,.NA,.NA,IRECON,0,4,11,2020-03-03 00:00:00.000,0,NULL,,winBeatDevLocal,0,2020-03-03 16:47:59.237,0
1097,,A9CCDDBA-4BA5-4D68-BE09-3D7407EB8C80,TROV BUILD PTY LTD,,63636755283,,,0414473455,daniel@trovtech.com.au,,44 Law Crescent,,ORAN PARK,2570,NSW,44 Law Crescent,,ORAN PARK,2570,NSW,0,1,.NA,.NA,IRECON,0,4,11,2020-03-06 00:00:00.000,0,NULL,,winBeatDevLocal,0,2020-03-06 11:22:12.800,0
1098,,ADCB9F9F-68AC-42AB-A898-B72F099C6206,AGERA CONSTRUCTIONS PTY LTD,,28618387134,,,0421884760,jakeharb@bigpond.com,,8 Lucas Avenue,,MOOREBANK,2170,NSW,8 Lucas Avenue,,MOOREBANK,2170,NSW,0,1,.NA,.NA,IRECON,0,4,11,2020-03-11 00:00:00.000,0,NULL,,winBeatDevLocal,0,2020-03-11 09:33:09.887,0
1099,,8D839B29-1E46-4B06-9531-66AA233EE80E,RHYS  ALLEN,,16318051359,,,0432971472,rhys@vikingbuilt.com.au,,Unit 3, 3-5 Frederick Street,,HORNSBY,2077,NSW,Unit 3, 3-5 Frederick Street,,HORNSBY,2077,NSW,0,1,.NA,.NA,IRECON,0,2,11,2020-03-13 00:00:00.000,0,NULL,,winBeatDevLocal,0,2020-03-13 11:08:45.280,0
1100,,DD8A9909-3B60-4DF9-B0AB-9EB8E8233F04,HIGHLAND CUSTOM JOINERY PTY LTD,,67636016932,,,0428866211,info@elitekitchensorange.com.au,,112 Dalton Street,,ORANGE,2800,NSW,112 Dalton Street,,ORANGE,2800,NSW,0,1,.NA,.NA,IRECON,0,4,13,2020-04-02 00:00:00.000,0,NULL,,winBeatDevLocal,0,2020-04-02 15:01:28.183,0
1101,,310E5B60-3DC0-49E7-B270-F521E0AF5474,CENTURION CONSTRUCTIONS PTY LTD,CENTURION CONSTRUCTIONS PTY LTD,22155067959,,,0419959984,info@centurionconstructions.com.au,,2/189 Falcon Street,,NEUTRAL BAY,2089,NSW,2/189 Falcon Street,,NEUTRAL BAY,2089,NSW,0,1,.NA,.NA,IRECON,0,4,11,2020-04-20 00:00:00.000,0,NULL,,winBeatDevLocal,0,2020-04-20 17:02:14.027,0
1102,,31DE377A-BA62-42AF-96A1-D6ACFDD4E108,GRANDWALK HOMES PTY LTD,,39639524128,,,0406361559,grandwalkhomes@gmail.com,,7 The Straight,,ORAN PARK,2570,NSW,7 The Straight,,ORAN PARK,2570,NSW,0,1,.NA,.NA,IRECON,0,4,12,2020-04-21 00:00:00.000,0,NULL,,winBeatDevLocal,0,2020-04-21 10:23:59.047,0
1103,,63D20877-E256-4000-9B2B-898EC9B89FE9,KOALA PAINTING PTY LTD,,15625255870,,,0404333330,info@koalapainting.com,,35 Epping Road,,LANE COVE,2066,NSW,35 Epping Road,,LANE COVE,2066,NSW,0,1,.NA,.NA,IRECON,0,4,11,2020-04-21 00:00:00.000,0,NULL,,winBeatDevLocal,0,2020-04-21 13:20:10.110,0
1104,,752291A2-E019-484E-B044-8E6C1E53C182,CHRIS FLEMMING BUILDING SERVICES PTY LTD,,94003164878,0299398748,,0409605570,accounts@chrisflemmingbuilding.com.au,www.chrisflemmingbuilding.com.au,Unit 9, 52-54 Sydenham Road,,BROOKVALE,2100,NSW,Unit 9, 52-54 Sydenham Road,,BROOKVALE,2100,NSW,0,1,.NA,.NA,AHP,0,4,12,2020-04-23 00:00:00.000,0,NULL,,winBeatDevLocal,0,2020-04-23 15:13:58.027,0
1105,,59FF78F0-B8EA-4F49-9EA9-E7B203D1E2C4,BUILDCO PTY LTD,,25609967688,,,0401155577,alexibrahim88@hotmail.com,,50 Yeend Street,,MERRYLANDS,2160,NSW,50 Yeend Street,,MERRYLANDS,2160,NSW,0,1,.NA,.NA,IRECON,0,4,11,2020-04-24 00:00:00.000,0,NULL,,winBeatDevLocal,0,2020-04-24 09:04:31.440,0
1106,,FA9B5B8A-22D8-4E65-9A9F-AA4101756D69,BELLE HOMES AUSTRALIA PTY LTD,,44638927698,,,0406754485,julian@bellelifestylehomes.com.au,,1/56 Topham Road,,SMEATON GRANGE,2567,NSW,1/56 Topham Road,,SMEATON GRANGE,2567,NSW,0,1,.NA,.NA,IRECON,0,4,11,2020-04-24 00:00:00.000,0,NULL,,winBeatDevLocal,0,2020-04-24 12:54:30.307,0
1107,,9029B300-5415-4937-BA36-EFBB0D4A1C00,THE TRUSTEE FOR THE BUILDCORE TRUST,Evolve Maintenance Services,31827750413,,,0410646709,mark@buildcore.com.au,,Unit 1, 61 Wellington Street,,RIVERSTONE,2765,NSW,Unit 1, 61 Wellington Street,,RIVERSTONE,2765,NSW,0,1,.NA,.NA,IRECON,0,5,11,2020-05-08 00:00:00.000,0,NULL,,winBeatDevLocal,0,2020-05-08 12:53:50.670,0
1108,,57B8E27A-B8DA-4FBE-8014-350CF9C36293,CHARLES  CLIFTON,Clifton's Crystal Clear,73836848618,,,0404218086,charlie@robertplumb.com.au,,55 Cranbrook Street,,BOTANY,2019,NSW,55 Cranbrook Street,,BOTANY,2019,NSW,0,1,.NA,.NA,IRECON,0,2,12,2020-05-08 00:00:00.000,0,NULL,,winBeatDevLocal,0,2020-05-08 13:26:42.650,0
1109,,D94DEA36-70ED-4F24-A4FF-BD879367E5DC,STACEY ELECTRICAL PTY LTD,,56080731086,,,0412174299,wayne@staceyelectrical.com.au,,Unit 39, 42-46 Wattle Road,,BROOKVALE,2100,NSW,Unit 39, 42-46 Wattle Road,,BROOKVALE,2100,NSW,0,0,.NA,.NA,IRECON,0,4,14,2020-05-20 00:00:00.000,0,NULL,,winBeatDevLocal,0,2020-05-20 15:22:30.690,0
1110,,33263196-EDF5-40AA-90AD-46A9518B4964,STACEY ELECTRICAL PTY LTD,,56080731086,,,0412174299,wayne@staceyelectrical.com.au,,Unit 39, 42-46 Wattle Road,,BROOKVALE,2100,NSW,Unit 39, 42-46 Wattle Road,,BROOKVALE,2100,NSW,0,1,.NA,.NA,IRECON,0,4,14,2020-05-20 00:00:00.000,0,NULL,,winBeatDevLocal,0,2020-05-20 15:23:09.660,0
1111,,7F41F674-6619-499E-9E43-DEB81C4AF522,XL BUILD PTY LIMITED,XL BUILD PTY LIMITED,31121551728,,,0419398444,harry@xlbuild.com.au,,13 Collins Street,,BEACONSFIELD,2015,NSW,13 Collins Street,,BEACONSFIELD,2015,NSW,0,1,.NA,.NA,IRECON,0,4,12,2020-05-22 00:00:00.000,0,NULL,,winBeatDevLocal,0,2020-05-22 14:24:04.393,0
1112,,9E7C1E4D-9DC5-4F13-9453-29F3038F40CC,Besan Projects Pty Limited,Besan Projects Pty Limited,32127014751,,,0430125713,besanprojects@optusnet.com.au,,101 Portland Street,,CROYDON PARK,2133,NSW,101 Portland Street,,CROYDON PARK,2133,NSW,0,1,.NA,.NA,IRECON,0,4,11,2020-05-26 00:00:00.000,0,NULL,,winBeatDevLocal,0,2020-05-26 13:58:02.727,0
1113,,7C8258CD-1988-4DCC-AF6F-90195C439404,URBANVUE PROJECTS PTY LTD,,98631017724,,,0431769796,urbanvueprojects@gmail.com,,17 McCormark Street,,ORAN PARK,2570,NSW,17 McCormark Street,,ORAN PARK,2570,NSW,0,1,.NA,.NA,IRECON,0,4,11,2020-05-27 00:00:00.000,0,NULL,,winBeatDevLocal,0,2020-05-27 14:11:18.867,0
1114,,9B969B58-EF96-491E-9974-FBD781812FFE,C.I MORTIMER & D.L MORTIMER,C I AND D L MORTIMER,70499243532,,,0427009707,ned@mortimerbuilding.com,,1086 Oura Road,,WAGGA WAGGA,2650,NSW,1086 Oura Road,,WAGGA WAGGA,2650,NSW,0,1,.NA,.NA,IRECON,0,3,12,2020-05-29 00:00:00.000,0,NULL,,winBeatDevLocal,0,2020-05-29 12:59:23.387,0
1115,,A1EFA459-1DA4-4FE5-B4A8-B87FCED7547B,SAMUEL PETER KELL,,62358405421,,,0421160418,sam@spkconstructions.com,,Unit 9, 2 Malvern Avenue,,MANLY,2095,NSW,Unit 9, 2 Malvern Avenue,,MANLY,2095,NSW,0,1,.NA,.NA,IRECON,0,2,11,2020-05-29 00:00:00.000,0,NULL,,winBeatDevLocal,0,2020-05-29 13:10:29.800,0
1116,,88E2554A-11BF-4D06-A1BB-55B27EBE95C3,LMD KITCHENS PTY LTD,,94608075789,,,0425350632,info@lakemacquariekitchens.com.au,,7/22 Accolade Avenue,,MORISSET,2264,NSW,7/22 Accolade Avenue,,MORISSET,2264,NSW,0,1,.NA,.NA,IRECON,0,4,11,2020-06-02 00:00:00.000,0,NULL,,winBeatDevLocal,0,2020-06-02 09:32:16.210,0
1117,,5657DFAF-C08C-4211-BEB6-FD779124CCA7,Canon Constructions Australia Pty Ltd,,39154702208,02 9239 3128,,0403 427 333,byron@canonconstructions.com.au,,Level 10, 20 Martin Place,,SYDNEY,2000,NSW,,,,,,0,1,.NA,.NA,IRECON,0,4,13,2020-06-16 00:00:00.000,0,NULL,,winBeatDevLocal,0,2020-06-16 10:31:18.593,0
1118,,55B7E515-DBC3-4479-A18C-C89D9C16CCA0,Olive Tree Construction Pty Ltd,,71143631261,,,0409220963,steve@olivetc.com.au,,7 Mooyi Place,,GIRALANG,2617,ACT,7 Mooyi Place,,GIRALANG,2617,ACT,0,1,.NA,.NA,IRECON,0,4,13,2020-06-23 00:00:00.000,0,NULL,,winBeatDevLocal,0,2020-06-23 13:17:21.060,0
1119,,4F2C66CD-98D5-477E-888B-A85A7EABA922,Woollahra Constructions Pty Limited,,30123025918,,,0409552268,jonathan.frost@bellrock.sydney;catherinetambouras@gmail.com,,439-441 Oxford Street,,PADDINGTON,2021,NSW,439-441 Oxford Street,,PADDINGTON,2021,NSW,0,1,.NA,.NA,IRECON,0,4,14,2020-07-02 00:00:00.000,0,NULL,,winBeatDevLocal,0,2020-07-02 12:50:07.710,0
1120,,F42073A9-B0CF-4DDE-9D6D-0D79CA03F577,Artisan Constructions Pty Ltd,,68120289536,,,0450960910,luke@artisanconstructions.com.au,,5 Burrendong Street,,DUFFY,2611,ACT,5 Burrendong Street,,DUFFY,2611,ACT,0,1,.NA,.NA,IRECON,0,4,13,2020-07-07 00:00:00.000,0,NULL,,winBeatDevLocal,0,2020-07-07 09:14:56.570,0
1121,,AE8E5187-E560-47DA-8FB7-811B3726126E,FINE LINE PAINTING AND DECORATE PTY LTD,,64614385938,,,,max@finelinedecorate.com,,9 Dresden Avenue,,BEACON HILL,2100,NSW,9 Dresden Avenue,,BEACON HILL,2100,NSW,0,1,.NA,.NA,IRECON,0,4,11,2020-07-07 00:00:00.000,0,NULL,,winBeatDevLocal,0,2020-07-07 15:12:21.950,0
1122,,C52F2A3B-57E1-4206-B2C4-77FA802F254B,SHARPLINE PLUMBING PTY LTD,,70638660429,,,0409497479,office@sharplineplumbing.com,,103 Rosa Street,,OATLEY,2223,NSW,103 Rosa Street,,OATLEY,2223,NSW,0,1,.NA,.NA,IRECON,0,4,13,2020-07-09 00:00:00.000,0,NULL,,winBeatDevLocal,0,2020-07-09 09:58:47.833,0
1123,,AD6EBE71-258E-4718-99CF-A25520D885E1,The trustee for RK Plumbing,Ryan Kearney Constructions,45252276935,,,0413014499,ryan.kearney27@gmail.com,,8 Barff Pc,,CHIFLEY,2606,ACT,8 Barff Pc,,CHIFLEY,2606,ACT,0,1,.NA,.NA,IRECON,0,5,16,2020-07-13 00:00:00.000,0,NULL,,winBeatDevLocal,0,2020-07-13 12:55:29.047,0
1124,,A785EC1B-E8F5-44F0-B2F7-16ADFF3BE12D,A COCO & G LEGGIO,LEGGIO & COCO ARTISTIC WROUGHT IRON,28232618283,0297921868,,,leggioartistic@hotmail.com,,7/80 Milperra Road,,REVESBY,2212,NSW,7/80 Milperra Road,,REVESBY,2212,NSW,0,1,.NA,.NA,IRECON,0,3,11,2020-07-15 00:00:00.000,0,NULL,,winBeatDevLocal,0,2020-07-15 10:21:09.350,0
1125,,A9407B9B-EE5D-497A-9F68-4E398FC1448B,KRESO  GAVRAN,,84584742356,,,0421287688,kresogavran@mcc.act.edu.au,,302/19 Marcus Clarke Street,,ACTON,2601,ACT,302/19 Marcus Clarke Street,,ACTON,2601,ACT,0,1,.NA,.NA,IRECON,0,2,11,2020-07-16 00:00:00.000,0,NULL,,winBeatDevLocal,0,2020-07-16 14:17:44.830,0
1126,,6AA2959E-7B34-44CD-B826-3BD0DA81FA0F,THE TRUSTEE FOR ROBERT PLUMB FIX UNIT TRUST,,59917175483,,,0404218086,charlie@robertplumb.com.au,,55 Cranbrook Street,,BOTANY,2019,NSW,55 Cranbrook Street,,BOTANY,2019,NSW,0,1,.NA,.NA,IRECON,0,5,16,2020-07-17 00:00:00.000,0,NULL,,winBeatDevLocal,0,2020-07-17 10:25:53.893,0
1127,,D2C7124E-2E92-4BDC-9C76-2001B64FDFD7,MERIDIAN HOMES (ACT) PTY LTD,,84160022015,,,0413836999,dino@meridianhomesact.com.au,,1 Baudin St ,,FORREST,2603,ACT,1 Baudin St ,,FORREST,2603,ACT,0,1,.NA,.NA,IRECON,0,4,13,2020-07-24 00:00:00.000,0,NULL,,winBeatDevLocal,0,2020-07-24 08:38:54.950,0
1128,,21335AAE-6FD9-460B-B730-5AD588EF8BDD,HIPWOOD GROUP PTY LTD,,69626079936,,,0419725464,troy@hipwoodgroup.com,,Unit 6, 94 Township Drive,,BURLEIGH HEADS,4220,QLD,Unit 6, 94 Township Drive,,BURLEIGH HEADS,4220,QLD,0,1,.NA,.NA,IRECON,0,4,13,2020-07-27 00:00:00.000,0,NULL,,winBeatDevLocal,0,2020-07-27 12:38:35.160,0
1129,,B9DDD509-2023-49DA-809E-BFB8BEBF9D0B,HARWIL PTY LTD,,70641606377,,,0438695026,adam@promptroofing.com.au,,1 Park Avenue,,CHATSWOOD,2067,NSW,1 Park Avenue,,CHATSWOOD,2067,NSW,0,1,.NA,.NA,IRECON,0,4,11,2020-08-04 00:00:00.000,0,NULL,,winBeatDevLocal,0,2020-08-04 09:29:19.373,0
1130,,FA744870-AF24-4598-88F2-F62CF8369D95,HUDSON HOMES PTY LTD,,49163189071,,,0458477899,HOW@hudsonhomes.com.au,,Level 1, 85 George Street,,PARRAMATTA,2150,NSW,Level 1, 85 George Street,,PARRAMATTA,2150,NSW,0,1,.NA,.NA,IRECON,0,4,16,2020-08-04 00:00:00.000,0,NULL,,winBeatDevLocal,0,2020-08-04 12:49:24.997,0
1131,,49CB20E7-038B-4863-A2CA-A25625447C2C,ADAM JAMES MORTON,,43996703787,,,0431581166,mortonmade@icloud.com,,143 Thynne Street,,BRUCE,2617,ACT,143 Thynne Street,,BRUCE,2617,ACT,0,1,.NA,.NA,IRECON,0,2,11,2020-08-05 00:00:00.000,0,NULL,,winBeatDevLocal,0,2020-08-05 08:58:30.070,0
1132,,97AD9DA3-A2F9-445A-86A2-C0E874EDDD23,ARN CONSTRUCTIONS PTY LTD,,74640324527,,,0404837045,mraq001@gmail.com,,60 Poulton Terrace,,CAMPBELLTOWN,2560,NSW,60 Poulton Terrace,,CAMPBELLTOWN,2560,NSW,0,1,.NA,.NA,IRECON,0,4,11,2020-08-05 00:00:00.000,0,NULL,,winBeatDevLocal,0,2020-08-05 09:16:01.483,0
1133,,746C1EB0-1038-4079-AEDE-49C471042796,EXCLUSIVE HOMES PTY LTD,,25638787872,,,0433288171,info@exclusive-homes.com.au,,31A Fairfield Road,,WOODPARK,2164,NSW,31A Fairfield Road,,WOODPARK,2164,NSW,0,1,.NA,.NA,IRECON,0,4,11,2020-08-14 00:00:00.000,0,NULL,,winBeatDevLocal,0,2020-08-14 08:54:24.220,0
1134,,A0FC2C37-9C7E-4BB2-8CD9-44AEC87CE83A,CLINTON ROBERT MALLETT,,19414219988,,,0414301668,gbah41@bigpond.com,,41 Sunrise Crescent,,GOONELLABAH,2480,NSW,41 Sunrise Crescent,,GOONELLABAH,2480,NSW,0,1,.NA,.NA,IRECON,0,2,11,2020-08-14 00:00:00.000,0,NULL,,winBeatDevLocal,0,2020-08-14 13:29:43.127,0
1135,,F309427A-4FB6-41B1-9DD4-17CFBF544359,CORAL REEF POOLS SYDNEY PTY LTD,,13629750125,,,0450053158,jess@coralreefpoolssydney.com.au,www.coralreefpoolssydney.com.au,3 Macadamia Ct,,KINGSWOOD,2747,NSW,3 Macadamia Ct,,KINGSWOOD,2747,NSW,0,1,.NA,.NA,IRECON,0,4,11,2020-08-18 00:00:00.000,0,NULL,,winBeatDevLocal,0,2020-08-18 13:38:38.780,0
1136,,02AB84F0-E084-437B-B458-59E65A76FAEF,LIEBKE PROJECTS PTY LTD,,48157935487,,,0414844322,ben@liebkeprojects.com.au,,4/130 Old Pittwater Road,,BROOKVALE,2100,NSW,4/130 Old Pittwater Road,,BROOKVALE,2100,NSW,0,1,.NA,.NA,IRECON,0,4,11,2020-08-19 00:00:00.000,0,NULL,,winBeatDevLocal,0,2020-08-19 14:56:02.033,0
1137,,8A09E655-905E-4A69-A34A-7089866C3ADD,GREENBROOK CO PTY LTD,,83623060659,,,0435813439,mb@greenbrookco.com,,2A River Street,,BIRCHGROVE,2041,NSW,2A River Street,,BIRCHGROVE,2041,NSW,0,1,.NA,.NA,IRECON,0,4,11,2020-08-21 00:00:00.000,0,NULL,,winBeatDevLocal,0,2020-08-21 08:55:31.200,0
1138,,7CF7657D-0474-4F5C-A071-EF33F4A10757,PIMS CONSTRUCTION PTY LTD,,95111063293,,,0400007353,michael@pimsconstruction.com.au,,16 Charles Street,,FRESHWATER,2096,NSW,16 Charles Street,,FRESHWATER,2096,NSW,0,1,.NA,.NA,IRECON,0,4,11,2020-08-27 00:00:00.000,0,NULL,,winBeatDevLocal,0,2020-08-27 14:39:09.003,0
1139,,37834924-00EB-466A-A735-41EBF86952AF,MAIZON DEVELOPMENTS PTY LTD,,18610839935,,,0414383247,ranny@maizondevelopments.com.au,,25 Carramar Crescent,,MIRANDA,2228,NSW,25 Carramar Crescent,,MIRANDA,2228,NSW,0,1,.NA,.NA,IRECON,0,4,13,2020-09-01 00:00:00.000,0,NULL,,winBeatDevLocal,0,2020-09-01 14:19:01.093,0
1140,,978B3AA0-AC89-4175-928B-B2CEBEDF1453,RODNEY KENNETH EDWARDS,,45248382709,,,0412963367,rk.edwards@outlook.com,,4 Katoa Place,,MARSFIELD,2122,NSW,4 Katoa Place,,MARSFIELD,2122,NSW,0,1,.NA,.NA,IRECON,0,2,16,2020-09-02 00:00:00.000,0,NULL,,winBeatDevLocal,0,2020-09-02 08:57:09.110,0
1141,,618EAF3E-7A76-4689-9A8C-A314B03398BF,MOMCILO  ROMIC,Comprehensive Planning Solutions,16367656500,,,0404841933,momcilo@romicplanning.com,,21 Kembla Street,,WAKELEY,2176,NSW,21 Kembla Street,,WAKELEY,2176,NSW,0,0,.NA,.NA,IRECON,0,2,11,2020-09-03 00:00:00.000,0,NULL,,winBeatDevLocal,0,2020-09-03 13:03:37.467,0
1142,,81D3F973-DA7E-4F71-9B07-911DD42B4A54,CAR Test 1,,,,,,,,,,,,,,,,,,0,1,.NA,Lesley,IRECON,0,6,16,9999-12-31 00:00:00.000,0,NULL,,winBeatDevLocal,0,2020-09-15 15:19:18.450,0
1143,,CB7DFF9A-431D-4C2E-8BF8-1639E2AA1F96,Renee's Test Client,,,02 0000 0000,,0416 000 000,rdennis@irecon.com.au,,1 Smith St,,WYONG,2259,NSW,1 Smith St,,WYONG,2259,NSW,0,1,.NA,Renee,IRECON,0,1,13,9999-12-31 00:00:00.000,0,NULL,,winBeatDevLocal,0,2020-09-15 18:54:19.763,0
1144,,5D59F6CA-C70C-44FD-B526-9E540AE38E0F,lesley Connolly,,,0405684083,,0405684083,lconnolly@irecon.com.au,,4/31 Cawdor Road,,CAMDEN,2570,NSW,4/31 Cawdor Road,,CAMDEN,2570,NSW,0,1,.NA,Lesley,IRECON,0,1,2,9999-12-31 00:00:00.000,0,NULL,,winBeatDevLocal,0,2020-09-18 09:18:29.160,0
1145,,23E67250-D326-43C5-805F-B0DE79121DD3,Renee Test 2,,,02 0000 0000,,0416 000 000,rdennis@irecon.com.au,,1 Smith St,,WYONG,2259,NSW,1 Smith St,,WYONG,2259,NSW,0,1,.NA,Renee,ALLINSURE,0,1,2,9999-12-31 00:00:00.000,0,NULL,,winBeatDevLocal,0,2020-09-25 14:45:03.033,0
1146,,8884ED35-8577-444B-886E-FA7DEE0644FE,Renee Test 3,n/a,,,,,,,,,,,,,,,,,0,1,.NA,Renee,IRECON,0,2,16,9999-12-31 00:00:00.000,0,NULL,,winBeatDevLocal,0,2020-11-09 10:53:41.877,0
1147,,FD8C2351-E001-4C90-9483-83DF3BB466D8,Ren - 2nd Test #1,Ren - 2nd Test #1,,,,,,,,,,,,,,,,,0,0,.NA,Renee,IRECON,0,2,16,9999-12-31 00:00:00.000,0,NULL,,winBeatDevLocal,0,2020-11-30 10:00:47.330,0
1148,,060C8D9B-9E56-44DE-B5C0-C7B3C26C78C3,Renee - 2nd Test 1 ,Renee - 2nd Test 1 - Trading Name,,,,,,,,,,,,,,,,,0,1,.NA,Renee,IRECON,0,4,16,9999-12-31 00:00:00.000,0,NULL,,winBeatDevLocal,0,2020-12-02 13:53:50.657,0
1149,,1B96BC69-3708-46D1-8F92-D7C4BD0B2828,Momcilo Romic,Romic Planning,,,,,,,,,,,,,,,,,0,1,.NA,Renee,IRECON,0,2,16,9999-12-31 00:00:00.000,0,NULL,,winBeatDevLocal,0,2020-12-03 14:19:41.427,0
1150,,9D3C7366-B286-40F2-B59E-FC1DB9EC9411,Renee - 2nd Test - #2,as above,,,,,,,,,,,,,,,,,0,1,.NA,Renee,IRECON,0,2,16,9999-12-31 00:00:00.000,0,NULL,,winBeatDevLocal,0,2020-12-08 10:47:57.903,0
1151,,E5801596-5BC8-469A-9270-F86D5230772B,Renee - 2nd Test - Single #1,as above,,,,,,,,,,,,,,,,,0,1,.NA,Renee,IRECON,0,2,16,9999-12-31 00:00:00.000,0,NULL,,winBeatDevLocal,0,2020-12-09 13:54:04.080,0
1152,,38641865-5DB7-4B63-8DCB-316F68EB52DE,Renee - 2nd Test - OBCAR #1,n/a,,,,,,,,,,,,,,,,,0,1,.NA,Renee,IRECON,0,2,16,9999-12-31 00:00:00.000,0,NULL,,winBeatDevLocal,0,2020-12-09 14:46:43.860,0
1153,,60F655A4-36A8-44D1-9C57-9E4B91358708,Renee - 2nd Test - Annual #1 (NSW),as above,,,,,,,,,,,,,,,,,0,1,.NA,Renee,IRECON,0,2,16,9999-12-31 00:00:00.000,0,NULL,,winBeatDevLocal,0,2020-12-09 14:50:57.840,0
1154,,FC23B811-759C-484C-8A5C-39456A673892,Renee - 2nd Test - Annual #2 (NSW),n/a,,,,,,,,,,,,,,,,,0,1,.NA,.NA,IRECON,0,4,16,9999-12-31 00:00:00.000,0,NULL,,winBeatDevLocal,0,2020-12-09 15:14:30.233,0
1155,,81B0EFB1-3AC7-42E5-AE2A-0BAF965E34F0,Renee - 3rd Test - Annual #1 (NSW),,,,,,,,,,,,,,,,,,0,1,.NA,Renee,IRECON,0,2,16,9999-12-31 00:00:00.000,0,NULL,,winBeatDevLocal,0,2020-12-16 09:36:08.783,0
1156,,3BA6ABBB-E251-497A-A2CD-7EE9818644D7,Renee - 3rd Test - Single #1 (NSW),,,,,,,,,,,,,,,,,,0,1,.NA,.NA,IRECON,0,4,16,9999-12-31 00:00:00.000,0,NULL,,winBeatDevLocal,0,2020-12-22 15:40:14.987,0
1157,,6AD0F165-1A91-4CB7-B337-0097D59BD5BA,Renee - 4th Test - Annual #1 (NSW),as above,,,,,,,,,,,,,,,,,0,1,.NA,Renee,IRECON,0,2,16,9999-12-31 00:00:00.000,0,NULL,,winBeatDevLocal,0,2021-01-12 13:08:02.650,0
1158,,A60579C5-7606-4B92-9A2E-7006B86D88DF,Renee - 4th Test - Single #1 (NSW),as above,,,,,,,,,,,,,,,,,0,1,.NA,Renee,IRECON,0,2,16,9999-12-31 00:00:00.000,0,NULL,,winBeatDevLocal,0,2021-01-12 15:45:36.680,0
1159,,7A7AC8A2-CB61-485F-A379-540795F48FAA,Renee - 4th Test - OBCAR #1 (NSW),,,,,,,,,,,,,,,,,,0,1,.NA,Renee,IRECON,0,2,16,9999-12-31 00:00:00.000,0,NULL,,winBeatDevLocal,0,2021-01-13 10:45:39.133,0
1160,,2C5E8688-1635-4DE8-A221-1ADCF93A7DE9,Renee - 4th Test - OBCAR #1 (NSW),,,,,,,,,,,,,,,,,,0,1,.NA,Renee,IRECON,0,6,16,9999-12-31 00:00:00.000,0,NULL,,winBeatDevLocal,0,2021-01-13 10:45:53.553,0
1161,,C51F39EF-09E9-4852-BDFC-D04301F94B40,Renee - 5th Test,as above,,,,,,,,,WYONG,2259,NSW,,,,,,0,1,.NA,Renee,IRECON,0,2,16,9999-12-31 00:00:00.000,0,NULL,,winBeatDevLocal,0,2021-01-15 11:28:20.733,0
1162,,08428C7C-0E59-4385-A86E-CC1754F78406,Renee - 6th Test,,,,,,,,,,,,,,,,,,0,1,.NA,Renee,IRECON,0,2,16,9999-12-31 00:00:00.000,0,NULL,,winBeatDevLocal,0,2021-01-15 13:25:13.860,0
1163,,132BF7A9-C498-4DE4-84BE-383CA76FE3CF,Renee - 7th Test,,,,,,,,,,,,,,,,,,0,1,.NA,Renee,IRECON,0,2,16,9999-12-31 00:00:00.000,0,NULL,,winBeatDevLocal,0,2021-01-15 15:15:24.203,0
1164,,0EF7F244-44B6-4AE1-8BA9-98DC404BDBCE,Renee - 8th Test ,,,,,,,,,,,,,,,,,,0,1,.NA,Renee,IRECON,0,2,16,9999-12-31 00:00:00.000,0,NULL,,winBeatDevLocal,0,2021-01-15 15:46:57.103,0
1165,,D149D098-8B29-4F26-BE2F-5222C50A0F51,Renee - 9th Test,,,,,,,,,,,,,,,,,,0,1,.NA,Renee,IRECON,0,2,16,9999-12-31 00:00:00.000,0,NULL,,winBeatDevLocal,0,2021-01-18 13:46:12.257,0
1166,,F0DC6A62-9CF1-4474-BFAF-2DDA5638C40C,Test Client,,,,,,,,,,,,,,,,,,0,1,.NA,Renee,IRECON,0,2,16,9999-12-31 00:00:00.000,0,NULL,,winBeatDevLocal,0,2021-01-21 11:26:50.100,0
1167,,DA20049A-DBEA-4251-BF96-EB90FEF2641E,Test Client,,,,,,,,,,,,,,,,,,0,1,.NA,Renee,IRECON,0,2,16,9999-12-31 00:00:00.000,0,NULL,,winBeatDevLocal,0,2021-01-21 11:40:15.773,0
1168,,2C6F70EF-DBEE-44C2-8F27-B037A3DB7291,Food & Beverage Innovations Pty LTd,,,,,,,,,,,,,,,,,,0,1,.NA,Loretta,IRECON,0,4,16,9999-12-31 00:00:00.000,0,NULL,,winBeatDevLocal,0,2021-01-21 13:45:21.800,0
1169,,492BC42C-0A98-4EEF-95CB-89085D77297E,test,,,,,,,,,,,,,,,,,,0,1,.NA,Renee,IRECON,0,2,16,9999-12-31 00:00:00.000,0,NULL,,winBeatDevLocal,0,2021-01-21 16:44:13.897,0
1170,,657919B5-156E-4186-B355-27DBBCB7EBE9,Lesley Connolly,WANTTOBE,,,,,,,,,,,,,,,,,0,1,.NA,Lesley,IRECON,0,2,16,9999-12-31 00:00:00.000,0,NULL,,winBeatDevLocal,0,2021-01-22 11:22:59.600,0
1171,,9FD34BFB-C43C-4580-847C-56859A147594,Charles Laus,,,,,,,,,,,,,,,,,,0,0,.NA,.NA,IRECON,0,2,16,9999-12-31 00:00:00.000,0,NULL,,winBeatDevLocal,0,2021-04-13 15:48:11.580,0
1172,,7C5BC75B-C0AF-445B-A6D1-80AF3A37A047,Urban Building Pty Ltd; Square One Pty Ltd,,,,,,,,,,,,,,,,,,0,0,.NA,Renee,IRECON,0,4,16,9999-12-31 00:00:00.000,0,NULL,,winBeatDevLocal,0,2021-04-13 16:10:49.993,0
1173,,FEE9F92E-90A3-4234-867C-0D210FCE57E6,Urban Building Pty Ltd; Square One Pty Ltd,,,,,,,,,,,,,,,,,,0,1,.NA,Renee,IRECON,0,4,16,9999-12-31 00:00:00.000,0,NULL,,winBeatDevLocal,0,2021-04-13 16:13:25.620,0
1174,,F572A141-DE79-4CE1-A7B9-87749E0D06AC,Shiloh Homes Pty Ltd,,,,,,,,,,,,,,,,,,0,1,.NA,Renee,IRECON,0,4,16,9999-12-31 00:00:00.000,0,NULL,,winBeatDevLocal,0,2021-04-13 16:39:33.660,0
1175,,DECD50C6-66AC-434D-B6B9-76B5DEC04867,Impress Building Pty Ltd,,,,,,,,,,,,,,,,,,0,1,.NA,Renee,IRECON,0,4,16,9999-12-31 00:00:00.000,0,NULL,,winBeatDevLocal,0,2021-04-13 16:53:38.910,0
1176,,E75FD992-3966-4655-9EF0-D36E3532D170,Tom & Rhonda Mollica,,,,,,,,,,,,,,,,,,0,1,.NA,Renee,IRECON,0,6,16,9999-12-31 00:00:00.000,0,NULL,,winBeatDevLocal,0,2021-04-14 10:29:12.967,0
1177,,7AF054A5-DA46-4021-A1F4-245CD15727FD,"Freedom Renegades Pty Ltd ATF Freedom Renegades T,,,,,,,,,,,,,,,,,,0,1,.NA,Renee,IRECON,0,4,16,9999-12-31 00:00:00.000,0,NULL,,winBeatDevLocal,0,2021-04-14 10:53:54.747,0
1178,,689FE29D-12F1-4C59-B224-02AB7A4196C5,JP Nolan Constructions,,,,,,,,,,,,,,,,,,0,1,.NA,Renee,IRECON,0,4,16,9999-12-31 00:00:00.000,0,NULL,,winBeatDevLocal,0,2021-04-14 11:02:15.367,0
1179,,C7FB1B1D-072D-4C9D-8833-0BE4B7448E17,Peter Searle,,,,,,,,,,,,,,,,,,0,1,.NA,Renee,IRECON,0,2,16,9999-12-31 00:00:00.000,0,NULL,,winBeatDevLocal,0,2021-04-14 11:10:50.887,0
1180,,978913AD-14C6-48A8-99AF-544A92702A83,T & T Built Pty Ltd,,,,,,,,,,,,,,,,,,0,1,.NA,Renee,IRECON,0,4,16,9999-12-31 00:00:00.000,0,NULL,,winBeatDevLocal,0,2021-04-14 11:39:55.020,0
1181,,9EE1B517-B78E-4996-A30F-2A5C5B1E0D60,Rodney Ryan,,,,,,,,,,,,,,,,,,0,1,.NA,Renee,IRECON,0,2,16,9999-12-31 00:00:00.000,0,NULL,,winBeatDevLocal,0,2021-04-14 12:02:18.513,0
1182,,94EDA5F2-A349-46FE-B780-C1DE87FF9656,RENEE HW TEST CLIENT,,,,,,,,,,WYONG,2259,NSW,,,,,,0,1,.NA,Renee,IRECON,0,2,16,9999-12-31 00:00:00.000,0,NULL,,winBeatDevLocal,0,2021-04-19 13:36:16.853,0
1183,,2023A054-CC12-4568-979E-146E8F51DD2F,Ray Sheridan,,,,,,,,,,,,,,,,,,0,1,.NA,Renee,IRECON,0,2,16,9999-12-31 00:00:00.000,0,NULL,,winBeatDevLocal,0,2021-04-21 10:44:38.387,0
1184,,F9BBE6F8-877F-4D7E-85A5-D95251DDEF31,Poppy Loukopoulos & Franco Saia,,,,,,,,,,,,,,,,,,0,1,.NA,Renee,IRECON,0,2,16,9999-12-31 00:00:00.000,0,NULL,,winBeatDevLocal,0,2021-04-21 10:52:56.497,0
1185,,5EFE13F7-D18F-45A5-B91C-7687F5490D15,Natori Homes				,,,,,,,,,,,,,,,,,,0,1,.NA,Renee,IRECON,0,2,16,9999-12-31 00:00:00.000,0,NULL,,winBeatDevLocal,0,2021-04-21 11:04:44.877,0
1186,,0C75AF76-339A-4B81-B798-79B113BBD4BC,ARN CONSTRUCTIONS PTY LTD,,,,,,,,,,,,,,,,,,0,1,.NA,Renee,IRECON,0,2,16,9999-12-31 00:00:00.000,0,NULL,,winBeatDevLocal,0,2021-04-21 11:13:36.670,0
1187,,EEA49043-B9E0-407B-9C8C-35879580C438,Skara Holdings Pty Ltd,,,,,,,,,,,,,,,,,,0,1,.NA,Renee,IRECON,0,2,16,9999-12-31 00:00:00.000,0,NULL,,winBeatDevLocal,0,2021-04-21 11:19:11.773,0
1188,,25452CD6-B61E-43EA-B965-B60F57412789,Poppy Loukopoulos & Franco Saia,,,,,,,,,,,,,,,,,,0,1,.NA,Renee,IRECON,0,2,16,9999-12-31 00:00:00.000,0,NULL,,winBeatDevLocal,0,2021-04-21 11:23:26.690,0
1189,,9DE59E66-249C-465B-BEC3-6CB69941CC75,Kowald Builders Pty Ltd,,,,,,,,,,,,,,,,,,0,1,.NA,Renee,IRECON,0,2,16,9999-12-31 00:00:00.000,0,NULL,,winBeatDevLocal,0,2021-04-21 11:43:53.957,0
1190,,3D8D43BC-620E-4D5C-A3E0-82C48DF0F0C2,Dylgolo,,,,,,,,,,,,,,,,,,0,1,.NA,Renee,IRECON,0,2,16,9999-12-31 00:00:00.000,0,NULL,,winBeatDevLocal,0,2021-04-21 12:10:48.713,0
1191,,4CD25CFE-4EE5-4E88-A7C9-749F6A67416A,Ross Kelly,,,,,,,,,,,,,,,,,,0,1,.NA,Renee,IRECON,0,2,16,9999-12-31 00:00:00.000,0,NULL,,winBeatDevLocal,0,2021-04-21 12:23:18.613,0
1192,,D10938E8-C9B2-4831-88C7-39DB455E10AB,Michael Duricic,,,,,,,,,,,,,,,,,,0,1,.NA,Renee,IRECON,0,2,16,9999-12-31 00:00:00.000,0,NULL,,winBeatDevLocal,0,2021-04-21 12:39:44.027,0
1193,,0649C0FB-74FF-4D59-AECB-EAEB1B42EDD6,Kennedy Constructions Pty Ltd,,,,,,,,,,,,,,,,,,0,1,.NA,Renee,IRECON,0,2,16,9999-12-31 00:00:00.000,0,NULL,,winBeatDevLocal,0,2021-04-21 12:54:15.053,0
1194,,E0C7CD1F-6432-4DE1-85C9-2185DFF910D3,Danstruct,,,,,,,,,,,,,,,,,,0,0,.NA,Renee,IRECON,0,2,16,9999-12-31 00:00:00.000,0,NULL,,winBeatDevLocal,0,2021-04-21 13:02:06.700,0
1195,,CD1DE80B-C338-4A7B-8360-847447D76A99,Gary Duggan & Sandra Cleave,,,,,,,,,,,,,,,,,,0,1,.NA,Renee,IRECON,0,6,16,9999-12-31 00:00:00.000,0,NULL,,winBeatDevLocal,0,2021-04-27 13:32:02.133,0
1196,,62A98E21-4D7E-4BD7-9583-8BEE132E73F5,AGP Insurance Services,,,,,,,,,,,,,,,,,,0,1,.NA,Renee,IRECON,0,4,16,9999-12-31 00:00:00.000,0,NULL,,winBeatDevLocal,0,2021-04-27 13:42:46.727,0
1197,,EEBCF326-8B53-4F05-919F-FC0F60865E1A,Renee Annual Policy # Test,,,,,,,,,,,,,,,,,,0,1,.NA,Renee,IRECON,0,2,16,9999-12-31 00:00:00.000,0,NULL,,winBeatDevLocal,0,2021-04-27 14:05:48.437,0
1198,,D30DCA29-6388-48E6-86ED-9E4DF499F3AB,Renee Test (FINAL ROUND),,,,,,,,,,,,,,,,,,0,1,.NA,Renee,IRECON,0,2,16,9999-12-31 00:00:00.000,0,NULL,,winBeatDevLocal,0,2021-05-10 12:39:02.530,0
1199,,F2E5FAD6-5ECF-4BB6-BB93-73AE7DC5588E,C & H Group Pty Ltd,,,,,,,,,,,,,,,,,,0,0,.NA,Loretta,IRECON,0,4,16,9999-12-31 00:00:00.000,0,NULL,,winBeatDevLocal,0,2021-05-18 09:24:43.207,0
1200,,471C8FB8-3286-4C1C-9409-011ABBBE1090,C & H Group Pty Ltd,,,,,,,,,,,,,,,,,,0,1,.NA,Loretta,IRECON,0,4,16,9999-12-31 00:00:00.000,0,NULL,,winBeatDevLocal,0,2021-05-18 09:24:45.623,0
1201,,1E9DF381-EABF-4478-ACEE-4DF974BD0D1F,Poppy Loukopoulos & Franco Saia,,,,,,,,,,,,,,,,,,0,0,.NA,.NA,IRECON,0,6,16,9999-12-31 00:00:00.000,0,NULL,,winBeatDevLocal,0,2021-05-20 15:49:42.730,0
1202,,7EB49CF1-2ADB-470B-87A4-3C458B80131F,VAL MAL GROUP CONSTRUCTION PTY LTD,,,,,,,,,,,,,,,,,,0,1,.NA,Loretta,IRECON,0,4,16,9999-12-31 00:00:00.000,0,NULL,,winBeatDevLocal,0,2021-06-10 13:28:08.960,0
1203,,E1297407-8EF1-4901-8962-E4FD44517D41,Canberra Residential Construction Pty Ltd,,,,,,,,,,,,,,,,,,0,1,.NA,Loretta,IRECON,0,4,16,9999-12-31 00:00:00.000,0,NULL,,winBeatDevLocal,0,2021-06-10 14:11:11.710,0
1204,,20BD357D-0753-4864-A6FD-32F93271D2A4,CAR test 7,,,,,,yongkie@gmail.com,,55 Barnaville Road,,FORESTVILLE,2087,NSW,,,,,,0,1,.NA,.NA,IRECON,0,2,16,9999-12-31 00:00:00.000,0,NULL,,winBeatDevLocal,0,2021-08-06 22:26:22.740,0
1205,,330EE9AF-2A4A-4584-8DF1-2EC4A782B3F7,CAR Test 10,,,,,,,,,,,,,,,,,,0,0,.NA,.NA,IRECON,0,2,16,9999-12-31 00:00:00.000,0,NULL,,winBeatDevLocal,0,2022-01-21 13:28:46.860,0
1206,,02BEF015-AB96-46D7-870C-3C0CFE546E07,CAR Test 10,,,,,,,,,,,,,,,,,,0,1,.NA,.NA,IRECON,0,2,16,9999-12-31 00:00:00.000,0,NULL,,winBeatDevLocal,0,2022-01-21 15:56:21.940,0
1207,,FACB2494-5201-415A-8D3A-5F552E439B09,Renee Test 29.12.22,,,,,,,,,,,,,,,,,,0,1,.NA,Renee,IRECON,0,4,16,9999-12-31 00:00:00.000,0,NULL,,winBeatDevLocal,0,2022-12-29 10:32:56.860,0
1208,,29E49F0F-36A4-40D4-8DF1-538E535C8912,Renee Test 29.12.22,,,,,,,,,,,,,,,,,,0,1,.NA,Renee,IRECON,0,4,16,9999-12-31 00:00:00.000,0,NULL,,winBeatDevLocal,0,2022-12-29 10:33:28.490,0
1209,,9315248A-2418-468C-BF45-8A5C3C741016,Jake Builder,Best Builder,,,,,,,,,,,,,,,,,0,1,.NA,.NA,IRECON,0,2,16,9999-12-31 00:00:00.000,0,NULL,,winBeatDevLocal,0,2026-06-04 15:50:55.640,0
1210,,46DF3177-FBD3-41E0-92DE-C2138ECC1797,YS01,,,,,,,,,,,,,,,,,,0,1,.NA,.NA,IRECON,0,2,16,9999-12-31 00:00:00.000,0,NULL,,winBeatDevLocal,0,2026-06-13 20:49:22.477,0

(638 rows affected)
